r,l,t
21.700215,10,2.887196
20.337594,17,2.928668
13.906305,16,2.953971
21.185998,15,2.973606
15.32791,10,2.987236
18.106741,9,2.999919
18.451342,7,3.010905
20.589726,10,3.024063
22.003281,12,3.041776
20.263846,19,3.065998
21.383493,19,3.089614
19.241105,10,3.102287
21.1054,9,3.114406
17.752856,15,3.136297
16.970996,7,3.146
19.063093,13,3.162311
18.873323,7,3.171792
19.707643,15,3.193773
14.797886,9,3.20569
17.75238,8,3.216465
19.034923,19,3.242602
19.285968,13,3.259307
20.911215,12,3.274693
21.505142,11,3.288951
22.350088,13,3.307197
23.873507,18,3.33169
20.898294,10,3.345061
15.476741,6,3.353137
17.543219,6,3.361422
19.82247,9,3.374694
19.903428,20,3.401607
18.882936,7,3.411436
20.078806,8,3.422288
21.250495,10,3.436949
20.091828,19,3.463022
18.320342,9,3.474705
19.783598,10,3.488348
23.313006,18,3.514214
19.050812,7,3.524127
20.314471,11,3.538586
21.221526,9,3.55086
18.852039,8,3.562973
20.286186,13,3.581043
17.454767,10,3.594052
21.4062,11,3.610492
19.885973,9,3.622221
19.181139,7,3.631494
20.997861,9,3.643133
20.724362,14,3.662824
24.94707,21,3.691162
18.487184,14,3.709015
19.590444,8,3.719411
25.15494,16,3.74172
20.86722,12,3.757873
17.832319,10,3.771664
19.536507,10,3.785002
26.355696,17,3.808548
16.215251,11,3.824398
19.731409,7,3.833729
20.598401,12,3.848984
18.624146,8,3.859829
18.430939,10,3.874459
17.219617,10,3.889014
24.968847,15,3.908402
19.218602,7,3.918002
17.835581,8,3.929831
22.314752,14,3.949848
16.306135,9,3.962078
20.878155,15,3.983281
12.917479,13,3.999783
17.589742,13,4.016332
16.847693,17,4.037448
21.022254,7,4.047139
17.703772,6,4.057278
17.392749,7,4.066881
17.769826,8,4.079174
17.634313,10,4.092775
36.328382,39,4.143445
18.577735,6,4.151621
20.562235,12,4.167612
19.04806,12,4.184913
24.299327,13,4.204216
23.194026,10,4.217535
22.645719,9,4.229327
21.481874,10,4.24307
19.512438,8,4.254524
15.879212,8,5.653367
15.111012,16,5.999947
13.039286,9,6.193684
15.117415,6,6.32177
16.071272,6,6.451259
14.286311,5,6.558057
14.792685,5,6.666668
15.993495,5,6.772022
15.964654,5,6.880225
16.133994,5,6.987882
16.201068,5,7.096244
15.623581,5,7.207833
16.053773,5,7.31396
15.285099,5,7.420351
15.318648,5,7.531943
16.155962,5,7.640922
13.659807,5,7.746842
16.516166,5,7.855294
16.269894,5,7.963717
15.595501,5,8.070715
10.309517,4,8.155361
15.066973,5,8.261396
12.465223,4,8.348103
15.193273,5,8.455002
16.845762,5,8.560794
15.794594,5,8.667014
16.054872,5,8.774853
17.394914,5,8.883429
15.427321,5,8.989114
14.722425,5,9.095287
16.080514,5,9.205089
15.456897,5,9.311115
16.054147,5,9.41946
15.9727,5,9.524645
16.704413,5,9.637725
16.450682,5,9.743778
16.125376,5,9.850199
16.182734,5,9.956286
16.51978,5,10.064197
16.053941,5,10.170067
15.726842,5,10.27939
16.89368,5,10.386935
16.627621,5,10.494932
17.19658,5,10.599962
18.143961,5,10.705959
16.190952,5,10.815937
18.643981,5,10.923958
18.634447,5,11.030698
17.634988,5,11.137103
14.60113,5,11.24356
18.48038,5,11.352046
18.151669,5,11.456918
17.959113,5,11.56438
18.882026,5,11.671001
17.488458,5,11.779808
17.579712,5,11.886327
18.25967,5,11.992712
18.413624,5,12.102898
17.156328,5,12.210993
17.373749,5,12.316856
16.014932,5,12.423496
17.043633,5,12.528076
16.631345,5,12.637592
17.917595,5,12.745209
17.622754,5,12.850478
16.175293,5,12.956452
18.100023,5,13.068488
17.748088,5,13.175243
17.869789,5,13.281538
16.826328,5,13.388389
16.142859,5,13.496871
18.053935,5,13.604125
17.374723,5,13.709513
18.737968,5,13.923698
17.333254,5,14.032031
18.108667,5,14.141414
17.948413,5,14.248812
17.547502,5,14.356252
18.241086,5,14.465047
17.558446,5,14.572453
17.606299,5,14.678233
18.301824,5,14.78427
17.83656,5,14.892225
17.224063,5,14.999223
15.652369,5,15.104151
16.970368,5,15.210771
16.893143,5,15.321412
17.617333,5,15.430295
17.978961,5,15.535477
17.422714,5,15.643156
17.757802,5,15.751934
18.346788,5,15.861779
18.032059,5,15.970931
18.773525,5,16.080522
17.72468,5,16.191155
17.188951,5,16.297505
18.419607,5,16.403964
18.346981,5,16.509281
17.709474,5,16.617441
18.786064,5,16.724149
18.306435,5,16.829411
17.756639,5,16.934844
17.4053,5,17.044642
17.611478,5,17.150606
18.45797,5,17.255718
17.307404,5,17.363283
18.488596,5,17.470714
18.726392,5,17.576336
18.500028,5,17.682226
17.263665,5,17.78743
17.990814,5,17.894363
17.607005,5,18.000624
18.023864,5,18.106621
17.568659,5,18.212237
18.535347,5,18.321792
17.697725,5,18.430544
17.559837,5,18.536648
16.963639,5,18.644103
17.315822,5,18.755479
17.431568,5,18.860722
17.816686,5,18.967529
18.077078,5,19.072987
17.920337,5,19.181607
17.480274,5,19.288193
17.874659,5,19.395073
17.830914,5,19.500633
18.080313,5,19.608817
18.603428,5,19.715027
17.052221,5,19.820869
18.859825,6,19.948201
20.061214,6,20.077418
17.443333,5,20.183004
17.37699,5,20.290391
18.003271,5,20.396829
17.910339,5,20.504848
18.911303,6,20.634104
19.624032,6,20.760022
17.646408,5,20.87095
18.131355,5,20.979553
17.58317,5,21.085196
20.308051,6,21.211313
18.759645,6,21.339347
18.66873,5,21.449373
18.558433,5,21.554976
18.589358,5,21.663122
18.354302,5,21.769771
18.739055,6,21.89928
20.438762,6,22.03124
20.618049,6,22.15771
18.346324,5,22.264683
18.824561,6,22.394934
19.725005,6,22.520964
20.685562,6,22.648057
20.421615,6,22.774791
21.392532,6,22.904591
21.32363,6,23.031601
21.074132,6,23.160079
19.988135,6,23.286913
18.858352,6,23.41607
19.687893,7,23.564451
20.137427,6,23.691909
19.619467,6,23.819488
17.805926,6,23.949731
21.517877,6,24.07791
20.463017,6,24.204033
18.529923,5,24.310462
20.818967,6,24.438926
19.475151,6,24.56435
20.009843,6,24.692793
20.853621,6,24.821305
20.220607,6,24.954726
19.429549,6,25.081831
20.676279,7,25.231986
19.637867,6,25.361051
20.615116,6,25.491545
19.067629,6,25.620802
20.658567,8,25.794617
21.006071,7,25.944164
19.833112,7,26.095519
21.334719,7,26.244786
19.783271,6,26.372294
19.985854,6,26.49952
21.469153,7,26.651563
21.972916,8,26.825071
21.461291,7,26.973346
20.746423,7,27.120089
20.274577,6,27.25013
20.611524,7,27.398934
22.005082,7,27.552072
21.593581,7,27.703156
22.262796,8,27.873746
21.022989,7,28.022931
21.59194,8,28.190869
22.216773,9,28.383035
21.940405,8,28.555908
75.2229,53,29.68662
120.575953,115,32.120102
87.045372,62,33.431832
96.162229,73,34.990335
82.949424,62,36.30492
73.76361,49,37.343663
75.105761,49,38.388355
64.200612,44,39.330004
64.638998,45,40.290161
62.368438,45,41.24245
56.519315,41,42.109486
69.703502,49,43.16369
59.330868,41,44.036987
59.621901,44,44.9701
53.480152,40,45.814585
54.155949,42,46.707749
65.739083,55,47.873001
59.752384,49,48.909303
47.537982,36,49.681324
62.631247,47,50.680109
64.423671,45,51.631621
66.237173,48,52.641726
66.914449,48,53.658338
92.350305,74,55.239011
52.15484,42,56.131155
48.054987,40,56.97774
51.460685,44,57.913346
43.549205,41,58.783416
43.620892,44,59.717856
34.98307,37,60.500998
42.308525,43,61.420683
74.149231,54,62.564698
69.510704,52,63.664105
55.177976,41,64.528746
87.26068,62,65.841835
96.469378,73,67.386662
78.562394,57,68.594296
64.845408,46,69.571422
68.176951,48,70.593668
84.004954,58,71.825794
81.425722,55,72.998129
72.113117,48,74.020715
73.468063,49,75.066032
72.429351,49,76.111845
81.786722,57,77.325455
84.32542,60,78.602683
75.426165,55,79.767563
68.363783,49,80.810732
77.372795,57,82.018883
72.801749,51,83.107602
80.080768,59,84.355392
71.635219,51,85.439761
71.952091,51,86.515315
83.730964,63,87.861613
80.483102,59,89.127304
70.979364,49,90.168988
66.333851,47,91.172359
75.737812,54,92.320194
72.313518,51,93.400224
68.545782,48,94.418795
66.320482,46,95.400754
82.03065,59,96.655278
71.662015,48,97.676996
78.155098,57,98.886432
68.830677,46,99.865363
80.938058,57,101.082805
87.815868,65,102.46471
81.420826,61,103.760931
94.567933,73,105.321463
71.930225,51,106.398039
73.077422,49,107.436891
76.977134,53,108.565974
81.53289,58,109.7909
74.453658,50,110.859645
79.47522,56,112.062329
69.92937,46,113.036046
81.591946,54,114.190614
70.969879,47,115.186107
74.189588,48,116.207393
76.081459,51,117.28844
81.875161,56,118.480305
84.475758,56,119.665831
79.780791,54,120.813527
75.682172,51,121.899668
70.194854,47,122.911288
76.626129,51,123.995355
78.215104,53,125.119812
83.766052,56,126.308569
101.13161,67,127.729424
72.818875,48,128.754215
89.905953,60,130.025033
66.211689,43,130.94182
92.388023,65,132.33584
74.263681,51,133.411744
69.805156,47,134.402
67.353338,46,135.375575
71.797583,47,136.374202
65.280845,44,137.312237
91.465286,64,138.671966
57.42596,41,139.542392
75.40607,51,140.628366
82.490726,56,141.822997
72.878943,53,142.94931
64.297577,45,143.913605
77.206546,53,145.03288
52.981955,43,145.942343
63.243978,46,146.925876
96.463241,73,148.476397
88.165897,63,149.811919
72.227554,51,150.898146
74.307809,51,151.977767
60.09432,42,152.872556
87.657325,59,154.126724
63.609143,45,155.091404
81.938327,54,156.22831
76.512977,51,157.313459
81.990395,55,158.483589
77.478722,50,159.552775
88.963414,62,160.878135
74.390662,49,161.928202
70.086173,49,162.976898
71.091645,45,163.932588
78.681549,50,165.000354
83.718844,56,166.191262
62.770372,41,167.058539
68.065396,45,168.016752
74.710151,48,169.034754
73.394379,46,170.022595
83.043799,54,171.165946
75.794802,48,172.20676
84.279278,53,173.343422
97.298133,65,174.719276
88.517153,59,175.976146
76.009353,48,176.992297
71.650442,44,177.935997
72.396043,49,178.989539
94.611761,67,180.411178
73.23858,50,181.478336
70.436395,43,182.39772
111.399959,86,184.233455
101.716371,79,185.914902
76.749844,49,186.954402
69.276868,43,187.869874
101.188392,75,189.466253
110.653166,86,191.291708
83.631636,56,192.474034
118.671419,98,194.561117
112.887628,102,196.732078
114.40288,99,199.740532
106.373322,81,201.452061
115.20758,99,203.564423
123.488369,104,205.780606
112.195693,91,207.715318
124.088991,101,209.858629
117.538475,96,211.904682
106.494141,84,213.700996
146.492523,119,216.232194
87.777042,74,217.791987
110.4554,85,219.601737
114.523893,92,221.559587
168.363174,145,224.650245
127.731677,112,227.030633
112.009441,91,228.960018
150.79492,125,231.618848
161.366446,142,234.630368
155.736986,132,237.442883
172.434755,157,240.797946
153.163226,133,243.627462
159.730016,137,246.540512
174.86935,160,249.943969
228.579374,226,254.740947
152.335375,129,257.474095
180.794662,154,260.749578
176.686407,148,263.901897
162.15967,131,266.692605
220.911012,200,270.924412
154.188487,118,273.432778
156.990299,124,276.078975
167.650806,139,279.02898
149.599267,119,281.565936
187.823876,152,284.798386
184.570167,144,287.85795
176.469842,137,290.757905
148.524768,115,293.199321
147.907697,119,295.736283
102.674825,81,297.465642
158.923998,123,300.090103
175.316629,136,302.986924
117.473137,86,304.80744
189.465497,139,307.772342
127.081157,92,309.729459
176.611739,127,312.437126
108.196541,74,314.004865
177.18205,127,316.701773
115.616743,80,318.395745
145.393107,105,320.61997
138.863299,102,322.795722
140.943008,107,325.070935
130.845394,98,327.142659
138.025995,102,329.325191
106.557299,74,330.895209
118.907248,83,332.646611
134.453646,107,334.912364
153.912226,116,337.387359
152.424562,114,339.821247
167.8269,134,342.680052
127.568139,86,344.506331
104.303848,59,345.774674
125.382806,89,347.67827
119.706539,74,349.254315
148.652445,109,351.577356
57.677499,74,353.163256
5.517396,64,354.535832
136.40814,79,356.211211
19.113839,80,357.909152
167.733947,296,364.208268
130.138978,80,365.924875
132.612378,83,367.694478
123.120813,82,369.447309
109.974639,62,370.775068
130.344864,83,372.556544
192.215278,126,375.237084
121.037932,72,376.780795
206.63919,171,380.404954
165.154711,117,382.894029
147.422903,97,384.954857
141.323093,90,386.86577
142.426742,92,388.828403
150.254969,102,390.993637
118.366364,84,392.773781
204.814131,165,396.300288
127.277906,78,397.954706
145.54032,95,399.978644
156.194278,100,402.10539
147.69722,88,403.989438
145.110493,92,405.964126
118.707992,70,407.449478
158.24309,112,409.844004
122.663407,126,413.878107
143.680666,92,415.824854
121.418022,79,417.498434
118.492659,79,419.185546
199.735734,145,422.275743
124.432695,81,424.003777
143.473044,98,426.102282
137.872165,89,427.994291
152.954933,98,430.077239
154.973808,98,432.176117
144.59495,90,434.104412
156.089911,99,436.212538
150.161454,90,438.122805
147.392929,92,440.086887
147.917785,89,441.976498
147.869978,97,444.042633
150.370783,95,446.066047
127.6341,83,447.831519
139.422624,79,449.515883
150.339621,88,451.386619
142.811067,90,453.309224
148.361099,87,455.161273
91.799477,101,457.310543
149.336957,87,459.180364
141.048479,81,460.911734
137.259975,85,462.724639
131.775909,83,464.487044
143.47875,94,466.499927
147.71772,101,468.648319
143.747809,96,470.688891
133.899336,82,472.43342
127.127696,82,474.180937
138.495585,93,476.164132
122.175747,75,477.75903
122.97736,75,479.354963
137.244193,91,481.286403
133.771995,87,483.139988
135.166029,81,484.870258
121.660976,75,486.471014
131.144571,82,488.218622
136.570725,85,490.023562
142.758241,101,492.187281
129.373209,80,493.889967
142.274935,101,496.04491
141.306656,97,498.110508
132.463307,80,499.82349
149.316987,88,501.700792
134.731878,81,503.424655
140.03646,88,505.29739
231.684618,210,509.76954
139.598172,85,511.575824
133.498866,90,513.496155
136.893465,96,515.541468
138.196563,92,517.495024
152.92085,110,519.8353
160.373757,110,522.170451
159.44906,109,524.484596
191.568686,150,527.684928
151.431749,105,529.934055
142.972949,90,531.882368
157.47879,100,534.00684
153.158331,94,536.005946
177.191768,110,538.336614
174.433314,119,540.859342
167.444654,109,543.179975
161.450788,99,545.291267
244.593313,233,550.2499
160.809027,105,552.484058
186.845119,133,555.324805
213.648443,202,559.636655
179.953983,141,562.61961
156.096765,106,564.870937
201.128796,167,568.423488
177.492887,111,570.778167
204.786427,158,574.124913
150.278466,93,576.091566
157.133751,107,578.345677
224.314114,208,582.754517
238.628061,209,587.179582
241.100726,203,591.472189
147.675417,99,593.587525
237.090231,207,597.963101
182.974661,124,600.585311
259.247544,236,605.577026
252.05491,221,610.257042
171.105318,111,612.612475
156.723039,97,614.671559
193.452735,145,617.750505
205.931821,153,621.008493
215.960551,173,624.671277
141.581089,91,628.311223
129.004401,86,630.129894
117.379041,88,632.00828
274.501759,242,637.15072
247.510045,214,641.674624
272.841301,238,646.722324
181.411157,127,649.431238
148.031403,110,651.770218
261.205077,225,656.541532
193.088368,151,659.742229
165.526375,118,662.2435
151.611231,109,664.542274
143.98263,93,666.511919
151.669007,101,668.668964
255.049382,213,673.174805
171.577815,125,675.819527
149.271638,96,677.854693
249.729823,214,682.393255
233.591058,190,686.42591
209.708675,159,689.797553
171.740189,133,692.624399
147.008146,94,694.615185
269.610566,231,699.519324
248.936535,224,704.283968
275.772087,236,709.289022
169.825353,108,711.58721
229.064891,190,715.646059
141.942956,86,717.484899
222.885375,176,721.227685
182.260242,126,723.885386
230.484485,187,727.862856
215.32348,162,731.316499
192.638093,145,734.396158
205.432074,173,738.074224
195.761775,149,741.25597
181.62376,132,744.063554
187.230265,139,747.00918
225.30667,185,750.926407
203.713665,157,754.271273
230.855561,187,758.226262
165.268929,119,760.739076
185.124753,132,763.54587
195.078186,153,766.796395
215.951538,190,770.855767
244.3453,219,775.508687
222.76948,188,779.496675
242.548915,203,783.794959
198.740903,148,786.940683
215.556104,179,790.746393
231.979417,185,794.675413
224.359283,193,798.762312
185.603182,136,801.667678
229.695814,187,805.640227
224.987588,188,809.618484
224.726209,191,813.681789
237.497203,205,818.040122
222.567698,182,821.897107
201.576345,154,825.161937
221.753276,182,829.022327
220.170561,185,832.951522
218.000157,178,836.73594
223.369649,180,842.700437
225.876358,179,846.499306
258.788882,205,850.863462
210.6836,169,854.443501
210.663624,169,858.032489
203.025918,159,861.421517
221.213172,180,865.243265
180.117728,129,867.984914
234.893518,198,872.193466
179.081655,129,874.921086
217.014315,189,878.936944
160.947611,104,881.146699
199.537372,153,884.384843
177.496788,121,886.958895
194.638589,147,890.072522
197.007783,149,893.23594
208.759972,157,896.550463
187.37243,140,899.515902
170.02771,114,901.937404
216.547345,178,905.721566
183.488684,136,908.601664
203.22214,154,911.869699
192.521531,143,914.905062
184.136856,135,917.76115
151.28812,90,919.675014
166.964731,122,922.26323
192.92976,146,925.358916
172.624642,122,927.961792
179.1752,125,930.611232
178.873194,127,933.314512
191.678165,146,936.407094
188.560185,138,939.3317
177.874496,125,941.970053
157.831387,106,944.216966
202.085098,145,947.294224
174.332366,118,949.80291
173.066742,123,952.415605
198.474734,144,955.473935
162.240514,108,957.768909
186.255683,134,960.611375
181.474174,139,963.566712
177.380588,129,966.300587
182.053015,130,969.055668
188.491521,134,971.895072
171.81823,117,974.372773
138.311221,84,976.167195
167.533048,107,978.447702
178.795751,119,980.97576
186.10223,134,983.82475
180.757629,131,986.59954
157.587756,100,988.73213
172.070117,119,991.240312
143.634605,89,993.132597
194.493838,137,996.029298
179.299842,118,998.523868
168.760313,114,1000.940234
149.16245,93,1002.911
143.047656,85,1004.708564
142.891199,84,1006.491354
175.020894,115,1008.943933
129.992467,77,1010.579333
138.987312,82,1012.320944
166.515759,106,1014.572586
134.342906,80,1016.26066
179.324319,126,1018.917979
172.603291,113,1021.307902
145.729962,85,1023.107027
179.097013,115,1025.546158
124.464192,72,1027.074273
152.192276,92,1029.029906
182.667622,123,1031.635705
150.028774,93,1033.605958
141.787966,86,1035.438779
156.166042,91,1037.368603
131.459868,71,1038.875025
125.027618,68,1040.314645
153.135299,88,1042.171464
177.893854,116,1044.626425
146.052962,87,1046.472254
137.061742,76,1048.08733
155.513112,88,1049.963852
138.459398,80,1051.655037
148.8687,84,1054.641743
159.727435,92,1056.58856
143.635809,84,1058.376949
147.042198,90,1060.288896
134.718864,79,1061.964176
136.044334,76,1063.571497
155.934453,87,1065.407759
149.539966,85,1067.208399
162.914288,93,1069.182769
166.33604,94,1071.178349
134.596145,78,1072.827789
140.844434,80,1074.532335
140.359242,80,1076.226883
133.194433,72,1077.756973
161.988233,99,1079.850755
132.154383,70,1081.323112
145.713769,82,1083.058746
143.026783,81,1084.780694
161.098776,93,1086.752828
146.473404,84,1088.525651
139.581882,79,1090.209821
164.539387,90,1092.129364
159.742326,99,1094.225503
171.346393,97,1096.291358
156.792918,90,1098.210107
150.035332,84,1099.986181
151.484082,86,1101.808565
163.331413,93,1103.786119
175.531621,103,1105.971784
157.011124,87,1107.815144
233.861616,174,1111.51663
167.452306,102,1113.692798
154.116816,87,1115.552173
163.692172,95,1117.569435
200.282653,139,1120.515931
142.658783,78,1122.170282
133.316249,74,1123.741386
173.893119,109,1126.059674
202.134463,143,1129.084168
175.304597,110,1131.421398
159.176935,90,1133.342854
201.028062,146,1136.434318
179.173507,116,1138.890804
174.158059,105,1141.127882
186.891063,124,1143.753127
177.654553,114,1146.176146
193.774079,120,1148.715798
174.756492,103,1150.898296
151.407839,81,1152.616772
146.779224,80,1154.302367
180.692398,111,1156.644859
186.898919,117,1159.128221
162.224247,98,1161.204686
195.735635,133,1164.030482
150.956814,86,1165.852378
223.874458,171,1169.476748
257.110256,225,1174.26256
250.208973,209,1178.685915
190.19022,130,1181.438326
170.499158,99,1183.54053
274.428296,223,1188.261172
171.739392,104,1190.464524
243.287774,206,1194.831403
242.97957,194,1198.946436
158.398881,94,1200.946443
244.833103,208,1205.360058
270.070561,227,1210.171779
254.598783,214,1214.699504
263.41601,224,1219.479302
259.198654,216,1224.073776
188.238631,123,1226.678787
245.461689,211,1231.169736
258.404219,214,1235.711442
251.940733,210,1240.153946
244.766789,205,1244.524093
186.731946,125,1247.171732
166.302179,97,1249.23295
248.006687,199,1253.457036
259.906002,207,1257.861773
261.712613,220,1262.529129
252.249046,211,1270.074045
247.591965,207,1274.458193
248.64581,199,1278.695222
251.638787,204,1283.030701
216.1874,174,1286.724808
244.427584,200,1290.958855
153.780867,97,1293.00844
253.304678,204,1297.339461
169.25512,100,1299.475815
248.257505,194,1303.590953
241.984035,191,1307.647506
245.049027,197,1311.838022
244.212887,196,1316.011528
239.807156,185,1319.931956
208.147375,140,1322.891087
158.433839,97,1324.955276
265.759089,211,1329.435514
179.775034,118,1331.925016
180.738415,117,1334.412959
203.159819,144,1337.468129
250.315373,224,1342.205633
264.130752,249,1347.490645
254.131288,222,1352.203527
203.909706,152,1355.411771
242.65265,210,1359.85754
226.851384,177,1363.611041
274.914606,256,1369.041285
227.949851,159,1372.410306
202.388889,139,1375.363631
169.542466,108,1377.643814
274.901209,262,1383.19743
236.488595,191,1387.227003
171.760738,117,1389.708975
279.695396,232,1394.655342
205.610935,143,1397.711683
169.431288,111,1400.071356
257.676949,223,1404.829679
276.09718,240,1409.938581
185.518994,121,1412.513345
265.763403,203,1416.843348
186.440494,123,1419.470765
194.145748,125,1422.136684
287.288413,262,1427.714312
287.916734,259,1433.217695
303.269096,272,1439.00631
247.488264,192,1443.086492
203.824396,135,1445.959838
256.869466,224,1450.708788
277.235963,243,1455.874421
282.774958,250,1461.169289
239.727676,202,1465.450041
177.86688,109,1467.779953
268.324393,234,1472.774538
193.44763,117,1475.260016
187.460221,111,1477.613667
175.710235,111,1479.996036
167.111062,105,1482.231051
139.601524,88,1485.722429
138.524318,77,1487.358383
173.132262,95,1489.36575
163.779966,95,1491.392367
190.470002,127,1494.084638
198.06253,126,1496.758256
190.879933,118,1499.275004
195.285721,129,1502.005172
182.402826,102,1504.165262
227.578939,176,1507.9118
155.576155,89,1509.817103
221.168838,160,1513.222564
133.902534,89,1515.109075
246.720926,201,1519.393887
199.184378,139,1522.347201
195.522762,124,1524.97676
282.67112,242,1530.118358
183.585595,114,1532.543656
167.586971,99,1534.642409
147.354772,80,1536.350035
160.515569,116,1538.806719
211.736974,154,1542.085294
199.027794,128,1544.80354
258.717885,207,1549.202993
201.094276,131,1551.977619
199.184093,132,1554.79065
147.794898,85,1556.581433
156.410468,86,1558.409487
140.113068,97,1560.47666
186.081408,121,1563.051789
177.421071,141,1566.057833
176.54594,140,1569.036008
146.295698,78,1570.689033
127.50253,76,1572.302117
130.447179,86,1574.125227
138.724107,88,1576.012561
158.190761,85,1577.82896
165.074935,90,1579.745514
195.350502,125,1582.406533
152.215449,81,1584.128663
197.405117,127,1586.818385
208.764898,137,1589.738405
201.063283,133,1592.563579
215.557785,153,1595.815218
197.243063,128,1598.525665
233.365198,147,1601.67311
219.789895,145,1604.768558
189.964402,133,1607.595119
167.24081,100,1609.710141
219.535764,146,1612.812479
210.950837,148,1615.965202
199.497998,124,1618.60006
213.864014,139,1621.556932
236.89655,156,1624.874377
215.098047,131,1627.672493
192.144231,128,1630.396435
208.592544,136,1633.300697
224.482205,140,1636.267868
209.607814,143,1639.303723
212.241591,139,1642.266797
186.610292,118,1644.769759
166.872159,95,1646.793615
189.96435,107,1649.058759
180.892295,113,1651.457247
186.170332,121,1654.031249
190.071689,114,1656.453213
188.693017,119,1658.98098
201.048092,114,1661.399691
189.302829,118,1663.906774
180.440221,106,1666.159624
182.981165,116,1668.624001
145.738018,80,1670.335534
170.174854,90,1672.247689
241.235203,147,1675.374663
191.954673,121,1677.960677
187.379071,118,1680.469399
180.958858,109,1682.795375
203.223829,143,1685.821509
195.212779,109,1688.132206
184.562439,120,1690.68134
183.820202,113,1693.072553
207.730017,142,1696.073896
194.39208,124,1699.930751
177.58863,112,1702.310378
246.31962,150,1705.494949
177.053755,108,1707.795331
186.778397,126,1710.485013
220.707444,131,1713.268475
135.210735,85,1715.075522
232.889298,150,1718.261805
236.646527,154,1721.530204
248.50775,170,1725.138758
224.014154,150,1728.332387
239.099358,193,1732.454928
222.014462,158,1735.818266
224.576294,140,1738.805664
202.016064,131,1741.593754
216.716979,149,1744.761858
225.229879,163,1748.210903
243.039813,192,1752.293998
242.869119,199,1756.507313
265.289803,212,1761.0263
300.162933,251,1766.363388
272.677889,233,1771.309873
314.296075,270,1777.042712
37.375911,25,1777.57469
293.745931,292,1783.775814
329.248543,336,1790.952443
319.420501,314,1797.633696
336.870462,338,1804.823947
49.846657,37,1805.614071
131.822305,109,1807.933328
183.295865,128,1810.656435
192.847413,145,1813.752284
230.391291,167,1817.282822
47.421256,35,1818.02637
192.613027,147,1821.13997
41.663201,32,1821.817207
206.918827,156,1825.134675
47.285039,34,1825.86492
193.337583,132,1828.660773
221.224047,184,1832.568161
306.858257,273,1838.371395
253.28863,208,1842.785488
262.242214,254,1848.196766
287.42064,246,1853.414977
219.150213,169,1857.013423
232.50304,171,1860.646255
207.271717,149,1863.821802
230.508329,166,1867.336116
270.045284,224,1872.101733
185.555118,112,1874.496878
266.683491,218,1879.140624
251.209109,205,1883.500513
243.877395,200,1887.77004
263.870725,217,1892.377554
314.794936,282,1898.386401
286.95803,245,1903.579028
330.775468,292,1909.80016
350.330258,317,1920.106501
260.951698,216,1924.692558
248.262898,201,1928.975322
226.468455,156,1932.272459
349.467478,310,1938.847831
193.793243,178,1942.618395
162.152575,107,1944.888184
348.066052,303,1951.340504
232.419388,183,1955.226673
417.318684,361,1962.934663
292.996075,245,1968.128166
295.919401,251,1973.453684
271.024612,200,1977.702667
185.105618,130,1980.467345
447.646983,440,1989.77452
284.850674,198,1993.972849
364.986274,318,2000.7233
324.665627,283,2006.726646
356.634444,315,2013.410347
307.679864,237,2018.425261
248.470046,213,2022.942343
266.83801,164,2026.431105
251.398277,160,2029.821619
220.670287,129,2032.545972
387.894501,402,2041.067814
214.073531,132,2043.879817
198.725872,113,2046.265791
251.285566,158,2049.617236
198.51375,139,2052.568174
214.224732,138,2055.483789
217.957687,127,2058.172294
269.322521,169,2061.753847
244.4347,149,2064.910237
223.155706,132,2067.699799
233.746465,137,2070.606617
248.922826,165,2074.104627
195.636325,132,2076.91737
242.14277,148,2080.03706
279.845068,168,2083.596498
231.101734,129,2086.34497
189.813551,110,2088.672744
158.241566,103,2090.862262
165.719149,91,2092.79591
213.823326,129,2095.528385
255.356262,157,2098.869344
206.166426,123,2101.462193
180.26437,95,2103.478721
173.851181,95,2105.502693
154.358546,82,2107.240855
177.02315,104,2109.44835
199.748481,121,2112.017166
237.579377,149,2115.168419
160.642136,93,2117.14822
172.773907,92,2119.098396
181.920851,105,2121.338798
234.246556,150,2124.514294
174.401963,94,2128.204623
192.229602,105,2130.437337
249.76101,155,2133.737152
153.439535,87,2135.581037
172.297788,95,2137.608648
132.917149,80,2139.301864
125.445521,75,2140.89446
223.578236,138,2143.817897
178.077074,103,2145.998436
182.464707,98,2148.073413
165.466747,93,2150.044528
166.328472,88,2151.911198
147.018425,83,2153.669268
153.125271,86,2155.500704
169.345303,94,2157.494737
176.959558,100,2159.631146
136.525696,80,2161.339585
187.12908,102,2163.497724
181.610198,106,2165.741267
140.508605,95,2167.76192
205.977002,109,2170.080162
176.045536,104,2172.28914
156.700621,86,2174.105234
183.118731,95,2176.117636
190.992183,110,2178.44785
185.921767,105,2180.668936
181.456848,100,2182.789424
195.079084,104,2184.998485
156.337258,85,2186.80415
204.975059,101,2188.945929
168.636654,98,2191.025665
154.415272,94,2193.035752
204.519396,104,2195.241368
153.476504,87,2197.080284
142.659935,87,2198.922555
145.039373,82,2200.665895
177.678619,95,2202.690063
178.395308,94,2204.672374
134.050891,76,2206.282142
176.984553,97,2208.351541
201.823781,110,2210.678334
164.049093,93,2212.653299
191.718635,98,2214.735216
191.331102,105,2216.957341
203.112557,106,2219.211641
186.141199,98,2221.297241
171.051458,100,2223.418973
151.234437,84,2225.192352
152.743559,85,2226.984445
197.776444,103,2229.169358
174.637799,105,2231.394164
170.853312,90,2233.29758
151.184384,95,2235.316461
192.428981,101,2237.455949
180.842235,102,2239.612743
188.246003,99,2241.711345
191.748707,111,2244.078429
164.989324,88,2245.943185
175.693073,101,2248.073169
169.176432,98,2250.138599
158.559797,90,2252.050003
157.161957,92,2254.008841
166.599785,90,2255.921257
200.915307,106,2258.181884
232.357072,124,2260.799005
201.395118,106,2263.054481
243.628798,136,2265.932083
204.431724,111,2268.273345
219.16077,125,2270.938993
298.478977,178,2274.728405
245.697889,137,2277.640275
182.356541,113,2280.030677
278.644866,156,2283.342271
289.843831,165,2286.834954
233.42932,138,2289.753846
269.526398,151,2292.956565
275.430271,162,2296.397575
178.919989,113,2298.780009
286.347476,161,2302.19268
303.973275,165,2305.69352
262.784535,150,2308.868991
218.257179,129,2311.603735
266.975158,157,2314.928756
322.841369,188,2318.907878
208.534541,140,2321.88411
305.459379,169,2325.650831
222.921713,138,2328.57388
278.269728,176,2332.322342
233.514951,149,2335.487669
377.514624,239,2342.587815
331.82507,195,2346.711486
304.379464,182,2350.57061
343.867991,184,2354.48768
300.663317,191,2358.541538
334.078386,179,2362.354916
348.218272,191,2366.396083
418.863976,235,2371.37723
323.494594,185,2375.293904
298.451851,173,2378.961421
315.161807,181,2382.788761
383.073022,212,2387.284021
281.556849,166,2390.792235
279.292845,150,2393.968142
265.960978,149,2397.131794
354.547533,192,2401.201948
346.609071,180,2405.022176
295.357444,168,2408.585339
312.079744,181,2412.421372
670.782058,367,2420.209744
294.897366,177,2423.970683
330.306414,191,2428.030943
348.393233,201,2432.298348
436.488119,230,2437.181303
402.562165,239,2442.248166
787.57455,441,2451.573955
568.739136,292,2457.752218
481.383962,278,2463.640569
685.941566,431,2472.773192
675.854736,382,2480.864482
653.463373,346,2488.197036
474.607008,262,2493.747928
529.973938,301,2500.136013
553.029717,308,2506.674708
507.752412,287,2512.750244
418.700096,229,2517.624392
580.722782,345,2524.931504
445.876964,259,2530.440617
495.323069,327,2537.355994
539.351233,336,2544.47757
558.439852,329,2551.448962
539.000173,509,2566.277637
515.156185,452,2575.863496
511.065221,444,2585.300829
511.791157,455,2594.967015
497.81506,442,2604.371601
508.516497,295,2610.61151
579.939415,421,2619.585688
403.847646,195,2623.722434
674.104215,421,2632.633898
624.041824,408,2641.28746
457.436303,237,2646.31314
611.53568,399,2654.772824
699.131049,397,2663.174531
478.759556,222,2667.873919
322.958794,174,2671.585634
716.893595,365,2679.314346
630.763698,331,2686.350432
553.540364,259,2691.836848
541.707504,277,2697.711848
572.291212,293,2703.9434
606.461511,304,2710.384976
635.908786,316,2717.070158
653.742294,328,2724.03279
506.261927,265,2729.658467
1056.097416,506,2740.348186
533.975275,254,2745.743945
696.700303,400,2754.2321
460.306623,233,2759.171572
793.639356,439,2768.464042
944.516278,452,2782.826916
715.834861,371,2790.67201
912.056735,422,2799.621693
516.394811,283,2805.633148
1043.441602,477,2815.75323
931.591348,481,2826.02155
892.904753,434,2835.250156
805.379076,539,2846.679109
870.289038,447,2856.167021
487.883945,230,2861.061168
509.070983,255,2866.473547
574.622385,293,2872.717199
572.929768,293,2878.954763
543.889572,244,2884.120612
469.495958,212,2888.620652
538.62721,307,2895.108803
1057.62767,503,2905.769735
926.705218,492,2916.207747
310.122251,147,2919.321755
470.672002,274,2925.144172
312.575322,152,2928.369012
575.263032,313,2935.044198
376.475613,197,2939.2489
310.789182,157,2942.57893
487.660048,251,2947.907307
380.249058,221,2952.600522
339.307044,168,2956.171557
382.163662,207,2960.569158
397.102304,221,2965.248607
576.087121,306,2971.749177
392.964498,198,2975.946844
325.807538,185,2979.875091
652.324652,340,2987.096782
362.141909,196,2995.726475
374.704293,204,3000.054953
465.97902,228,3004.908301
362.402585,190,3008.943574
509.781823,277,3014.827929
416.094925,204,3019.153331
381.699187,226,3023.952904
285.274764,167,3027.502597
719.818448,347,3034.884107
421.501751,236,3039.90225
511.070974,286,3045.980324
474.00965,259,3051.483031
337.571798,182,3055.351742
562.103965,314,3062.025636
389.963508,204,3066.375084
512.056347,274,3072.181592
573.90788,299,3078.545626
550.937574,291,3084.740561
331.087547,171,3088.382981
545.994587,283,3094.410874
482.971565,284,3100.453712
563.45333,302,3106.89089
770.175926,448,3116.42783
719.795751,414,3125.205974
609.777527,404,3133.789821
550.586267,381,3141.893229
757.933746,437,3151.17969
458.172268,278,3157.076459
724.862763,441,3166.442033
379.759909,296,3172.732837
606.997541,363,3180.443566
964.86525,499,3191.036947
554.722866,332,3198.088039
552.875273,350,3210.501944
621.157225,352,3217.993828
646.085134,371,3225.888491
617.176543,372,3233.798167
768.812148,457,3243.494792
469.784404,276,3249.372392
575.733401,306,3255.875383
955.12341,545,3267.471956
719.01853,426,3276.528467
617.665046,363,3284.246687
1102.533327,588,3296.760502
674.719927,409,3305.465481
935.511392,521,3316.51647
1051.986141,581,3328.878494
442.592921,328,3335.829108
502.726863,301,3342.212569
512.308318,306,3348.706897
513.069108,339,3355.902641
566.486236,445,3365.373492
441.046316,283,3371.388816
515.75022,328,3378.356771
894.727747,619,3391.54229
1175.690928,596,3404.204681
1300.113816,653,3418.086738
1062.322034,565,3436.848462
1048.704692,539,3448.294285
1151.156049,614,3461.343016
1234.159802,620,3474.527875
101.903988,62,3475.843378
1054.790821,573,3488.029028
963.773358,508,3498.807171
254.027782,136,3501.701263
1152.782572,653,3515.580771
1073.065102,579,3527.897907
1103.39106,598,3540.647464
1041.391668,566,3552.681262
978.485796,532,3563.994429
1176.38501,646,3577.746805
891.181211,521,3588.801091
1179.73271,624,3602.066588
1189.704169,670,3616.361826
1251.75372,691,3631.060637
1160.785404,651,3653.580955
1176.575412,689,3668.244775
1401.416689,783,3684.883142
1508.231976,809,3702.067116
1477.529838,814,3719.360261
1417.414059,784,3736.049672
1422.903338,775,3752.524887
1174.861072,655,3766.461613
594.663761,306,3772.978991
633.616315,330,3780.006889
1088.150725,597,3792.715687
532.440528,290,3798.882126
1214.255183,620,3812.094313
538.490403,283,3818.108847
633.918451,333,3825.202336
511.843338,280,3831.135271
428.350754,237,3836.171043
1253.962596,638,3849.718524
1217.469177,624,3868.686953
544.145099,297,3875.011747
988.291197,522,3886.105781
1182.788138,605,3898.962045
1229.161541,637,3912.498397
507.987066,272,3918.282341
961.089653,509,3929.117132
1312.901475,668,3943.301191
1374.039853,686,3957.85363
1273.097695,654,3971.729462
622.645517,340,3978.94813
111.424382,59,3980.202174
1225.449689,657,3994.187781
471.161245,255,3999.613455
500.514726,265,4005.238136
1086.967915,569,4017.319071
1224.371146,647,4031.06158
180.39638,83,4032.828182
1043.762094,551,4044.524503
803.990398,397,4052.95263
1434.956554,717,4068.161949
1499.45435,740,4091.119687
86.930832,46,4092.10253
121.439085,62,4093.425702
1080.039797,552,4105.161088
1120.894387,612,4118.169281
981.345692,521,4129.237251
749.235999,389,4137.537644
693.436498,355,4145.101284
1135.475525,583,4157.495953
1163.523341,625,4170.803912
1122.055363,601,4183.565089
1066.416886,558,4195.410822
496.865526,273,4201.212741
1078.21111,573,4213.381403
1006.629953,519,4224.398622
1207.004663,606,4237.25545
1272.137534,659,4251.21774
1372.508904,711,4266.29299
1053.059725,548,4277.945323
1831.05599,893,4296.924192
1523.748886,754,4323.055125
1551.823774,765,4339.296975
1441.206173,705,4354.277574
1447.618487,733,4369.833238
1094.862172,559,4381.702498
1212.398981,584,4394.108618
1546.738623,719,4409.362305
1621.040147,756,4425.416608
1525.904118,714,4440.613793
812.294089,404,4449.197288
1690.787608,774,4465.635944
1830.455268,823,4483.108559
1436.55151,661,4497.127852
902.796283,428,4506.207538
830.173683,389,4514.485474
1584.674292,745,4540.887136
621.716661,323,4547.750548
1166.620164,552,4559.452428
649.337937,329,4566.433519
956.450757,450,4575.998861
635.226168,308,4582.565141
807.205242,379,4590.600548
549.906745,284,4596.645159
695.82752,337,4603.792815
711.883489,359,4611.408376
2141.84441,994,4632.520773
1711.473706,788,4649.277358
2026.111741,967,4669.799733
776.650928,378,4677.840408
2231.758572,1031,4699.763633
596.891003,302,4706.156454
2258.518654,1035,4728.130815
597.683341,319,4734.918148
2120.133262,1066,4768.917372
2364.926613,1137,4793.069834
1612.340149,822,4810.552287
410.313205,222,4815.284778
1968.706482,943,4835.315598
948.896163,493,4845.800881
975.659417,468,4855.733062
420.437679,202,4860.034359
829.98026,386,4868.231748
1015.640601,507,4879.011084
1183.433973,619,4892.159635
784.64415,386,4900.333692
1682.77427,835,4918.061696
1754.925896,832,4935.74079
1838.322361,947,4955.838423
482.506481,261,4961.363263
1719.517242,813,4984.669173
396.921982,224,4989.430893
421.704283,234,4994.404889
324.349244,207,4998.820788
383.19607,216,5003.393214
1786.772982,926,5023.056943
372.317479,208,5027.482424
858.971982,466,5037.356172
596.176694,326,5044.298943
752.025509,382,5052.386681
1709.223179,818,5069.785179
758.350408,386,5077.985777
819.246425,428,5087.070044
659.270501,304,5093.518643
377.999833,214,5098.075466
377.484755,208,5102.470114
750.248467,384,5110.611129
886.265464,437,5119.874924
1145.907436,524,5130.993502
911.481526,449,5140.54245
997.617314,472,5150.581555
1039.21153,513,5161.46683
875.42044,443,5170.886023
801.197713,376,5178.858027
977.640063,438,5194.15123
636.418502,306,5200.670314
1191.510747,560,5212.542866
549.732081,292,5218.762461
939.326419,495,5229.278435
1653.045518,776,5245.773362
541.879888,267,5251.446455
1337.242547,660,5265.49409
1012.228926,476,5275.597181
543.903172,264,5281.209842
665.013147,345,5288.527197
691.480484,348,5295.901765
476.653325,256,5301.340724
1771.370695,813,5318.572014
764.349159,348,5325.948878
371.848408,207,5330.330606
555.111785,266,5335.996888
987.516457,456,5345.682388
569.580763,290,5351.841552
1181.383373,516,5362.801055
1462.963282,680,5377.240831
1556.287899,737,5392.875586
894.014884,408,5401.538346
892.490916,411,5414.179817
642.022766,322,5421.044017
962.652311,508,5431.85168
1227.610079,575,5444.057496
2070.58307,953,5464.302806
1160.541266,597,5476.977133
465.643995,267,5482.676194
768.757604,360,5490.322274
695.38662,334,5497.386984
1301.767509,584,5509.787866
529.651243,269,5515.496813
62.880294,40,5516.350893
514.69106,276,5522.223099
1146.766568,560,5534.105514
825.299112,404,5542.690469
543.319796,270,5548.42829
471.31213,222,5553.139809
1109.728459,506,5563.884571
1353.919976,636,5577.370741
853.313404,397,5585.818993
672.937614,314,5592.497415
1061.738503,502,5603.126976
809.850157,358,5610.704134
1283.533788,590,5630.380365
30.495672,38,5631.189981
1094.45531,535,5642.548033
827.353756,372,5650.456922
1077.375951,501,5661.076569
1175.033655,520,5672.119003
872.649814,412,5680.893815
109.708657,62,5682.218985
700.805137,310,5688.817817
580.666269,270,5694.559349
699.158572,356,5702.126557
896.897015,397,5710.554483
805.287735,350,5718.027976
582.288009,271,5723.823205
1283.274346,578,5736.111761
1264.922817,615,5749.190768
825.23383,364,5756.932669
775.700569,351,5764.405319
1905.321734,962,5784.85322
668.136849,305,5791.36598
729.01559,346,5798.728907
923.678681,414,5807.524748
265.006918,127,5810.236922
2132.608453,991,5831.375875
84.792134,58,5832.610483
894.00832,401,5841.13893
98.197268,63,5842.47833
1131.844497,522,5860.277009
1039.507833,505,5871.033305
935.703365,420,5879.95869
2062.207778,966,5900.564105
1851.935925,914,5920.034767
939.293521,431,5929.420898
1159.578284,539,5940.940197
1587.201741,730,5956.443705
2292.894596,1109,5980.046294
1194.038666,543,5991.593955
644.381253,303,5998.05661
1887.304711,923,6017.674004
1039.248219,487,6028.040935
1780.79944,843,6045.975416
1154.151604,587,6058.474317
1890.124301,885,6084.843146
1575.460513,732,6100.460899
1430.663519,672,6114.779316
1034.585541,516,6125.787086
2241.095441,1006,6147.17824
798.912123,354,6154.721731
637.479767,309,6161.311421
1949.875591,874,6179.947309
1084.748509,538,6191.423571
1046.718709,511,6202.322436
1417.054179,687,6216.937119
1182.962477,576,6229.216488
410.732508,200,6233.476679
1333.481772,608,6246.440123
815.802203,359,6254.069848
980.817546,443,6263.485221
1357.157595,656,6277.447935
810.499494,374,6292.665906
670.569806,322,6299.532093
805.645071,361,6307.224767
838.748393,383,6315.35559
797.240664,350,6322.801329
1229.140443,550,6334.520645
704.857905,329,6341.539033
777.971249,363,6349.257926
1206.409777,565,6361.291966
1683.536234,747,6377.211925
1167.765634,551,6388.93873
1054.314461,511,6399.804874
1291.381195,606,6412.724008
395.005143,196,6416.904424
1610.922127,791,6433.745377
1250.224253,596,6446.418959
1519.109375,720,6461.760081
1263.528591,596,6474.474366
996.148665,459,6484.236772
987.645384,455,6493.904352
815.618718,371,6501.793741
1410.537929,685,6526.367468
336.380678,175,6530.100351
1161.521408,554,6541.890393
455.28904,216,6546.48714
378.61233,185,6550.416698
415.558438,199,6554.643121
1968.864813,897,6573.730526
936.932959,450,6583.299268
1046.937055,485,6593.62443
405.51096,191,6597.701442
1391.413485,660,6611.745476
1953.743038,906,6631.068389
870.132211,403,6639.63048
1057.659243,459,6649.388038
1990.702651,893,6668.364386
423.468066,198,6672.575266
1395.810972,660,6686.626173
349.170942,178,6690.428493
894.971807,397,6698.885259
1004.527766,449,6708.451727
1874.295237,866,6736.636946
1358.136403,612,6749.655209
1730.684101,802,6766.754502
1677.409863,771,6783.128555
332.247454,174,6786.828109
1176.927526,571,6798.961325
354.245267,173,6802.651339
1236.333413,572,6814.841939
248.238665,114,6817.264194
1105.967872,491,6827.716108
1630.611613,792,6844.553646
1060.195344,488,6854.92947
1265.839444,580,6867.272288
1109.185008,518,6878.291771
1406.50201,662,6892.399253
1235.877163,573,6904.596109
1184.060375,571,6916.737839
525.096714,242,6921.910451
1086.110592,515,6932.852983
1495.220541,713,6948.030338
1203.976728,556,6966.880201
2129.959337,953,6987.156558
415.054617,175,6990.882607
462.316907,209,6995.33106
2634.995422,1140,7019.598264
1121.006375,534,7030.951403
1161.194853,533,7042.291482
299.672241,146,7045.393331
1144.787039,538,7056.854804
1609.356436,770,7073.246244
2007.731134,967,7093.802066
777.083975,357,7101.413619
293.115994,142,7104.443945
2556.163593,1167,7129.259737
2214.44118,1030,7151.249995
1305.507035,619,7164.41853
249.595016,114,7166.853869
437.144486,198,7183.492758
266.410237,124,7186.114357
3156.437782,1424,7216.357456
354.658625,165,7219.88349
1462.067318,652,7233.75046
173.618462,95,7235.777298
2106.124039,958,7256.184455
348.216059,172,7259.8411
2343.413294,1032,7281.774579
2769.116044,1219,7307.705819
475.660026,211,7312.204312
241.244079,116,7314.679352
2389.759959,1093,7337.984741
333.662153,156,7341.320611
137.305479,73,7342.869638
428.722534,194,7346.98388
382.793833,178,7350.771772
2312.967031,1038,7372.788505
424.041307,190,7376.840244
1844.317358,810,7405.267015
2390.770461,1063,7427.869245
3041.404783,1399,7457.586448
3328.635539,1495,7489.380579
384.164744,177,7493.141693
2036.338812,895,7512.19782
713.616773,313,7518.845143
1896.944432,840,7536.740622
2868.487632,1241,7563.149629
1909.77662,857,7581.357731
2587.668134,1110,7604.972962
2619.126255,1113,7637.007279
1829.720211,816,7654.361049
1567.505028,713,7669.536844
2421.859908,1075,7692.391501
2131.681447,945,7712.492492
175.343798,96,7714.529422
2189.736765,986,7735.526063
438.072611,203,7739.846061
116.26514,63,7741.194227
259.711302,126,7743.860014
741.042862,320,7750.647521
1960.323613,890,7769.53528
455.100745,208,7773.949733
359.977826,172,7777.616192
472.452533,218,7782.25459
230.668355,111,7784.639767
446.292282,202,7788.96166
203.027335,103,7791.148613
656.047751,292,7797.357411
242.501922,115,7799.792456
236.453509,113,7802.188653
446.539351,197,7806.366729
450.898657,211,7810.843323
2232.502642,1002,7832.120553
2156.741302,965,7863.835954
1992.469667,910,7883.210365
344.214926,166,7886.758792
431.155147,189,7890.779847
431.928205,206,7895.161293
200.889213,100,7897.27236
275.970795,133,7900.101426
2616.812656,1162,7924.836864
3060.356662,1430,7955.268279
383.268739,173,7958.939529
394.227977,172,7962.606472
2944.874511,1317,7990.598758
456.62971,214,7995.168709
2298.214148,1033,8017.157875
2355.224567,1048,8039.436166
2755.249073,1293,8077.456542
2818.402301,1291,8104.900567
649.225525,299,8111.248933
762.297348,331,8118.292013
2614.978109,1194,8143.677318
453.16706,217,8148.303302
531.137593,248,8153.593
619.579753,284,8159.627223
450.833276,209,8164.083514
3022.133256,1413,8194.191366
2347.552502,1082,8217.202919
2890.330134,1364,8246.226321
2758.533516,1302,8273.91746
894.608616,437,8283.234577
3907.867533,1874,8326.286405
516.976682,232,8331.221339
644.394586,309,8337.810511
657.305346,311,8344.459359
470.511564,221,8349.148243
470.756382,231,8354.041259
878.431915,438,8363.324382
2839.695944,1313,8391.243535
925.888776,438,8400.560363
234.206066,116,8403.01705
2765.809027,1326,8431.213149
2797.305582,1331,8459.542863
2324.760281,1053,8481.927737
2674.296064,1242,8521.665154
2756.644723,1362,8550.651435
2290.66086,1072,8573.47701
2298.14182,1030,8595.354803
2209.655244,1013,8616.908216
2355.144252,1096,8640.241702
2109.855598,992,8661.323985
3103.963538,1431,8691.780346
2821.881096,1309,8719.636342
2267.308176,1028,8754.8873
2080.276269,958,8775.292308
2110.432561,990,8796.336541
2275.890017,1034,8818.337584
109.534796,61,8819.637479
2129.841004,973,8840.319631
2282.697672,1056,8862.762978
2260.28874,1015,8884.347787
2777.307299,1269,8911.329266
2223.789379,994,8932.466843
386.409411,182,8936.332451
237.879744,122,8938.936883
283.813759,141,8941.935058
300.871078,148,8945.084292
460.749409,208,8949.490276
299.821393,143,8952.533984
339.461963,161,8963.58355
280.189526,139,8966.543867
2091.148174,957,8986.926945
1145.761454,509,8997.752036
2439.098664,1107,9021.262352
288.733657,139,9024.237518
271.482759,131,9027.024342
307.243062,149,9030.190707
2340.847812,1048,9052.509109
3004.614004,1347,9081.113576
951.729979,440,9090.459695
331.87055,168,9094.03838
2703.549238,1209,9119.735741
2535.094121,1118,9143.510316
303.261892,147,9146.634231
2451.018062,1075,9169.506972
1049.918806,473,9188.273819
2469.840177,1093,9211.517692
2667.203361,1179,9236.605596
2885.187698,1304,9264.357183
3156.407674,1457,9295.381731
2964.93339,1372,9324.553782
2048.045833,896,9343.620436
2280.595504,1004,9364.973187
60.683641,38,9365.788046
2347.437192,1036,9387.826575
2453.0922,1087,9423.737632
2693.737249,1187,9448.965602
3122.051994,1400,9478.723242
2249.943342,1010,9500.216641
2957.122099,1344,9528.771687
2283.743868,1018,9550.636701
2374.09372,1061,9573.235359
2332.692045,1035,9595.26926
2611.287176,1162,9620.018941
2392.991919,1056,9653.699695
2440.73705,1098,9677.057194
2579.610937,1136,9701.17836
2453.606453,1097,9724.492415
2574.531949,1155,9749.061051
3311.542488,1478,9780.447066
2738.617492,1189,9805.688978
2639.700763,1212,9831.459896
3343.248485,1523,9882.638982
2498.178019,1126,9906.558337
3475.129542,1583,9940.212306
2390.595895,1068,9962.911241
3416.79557,1538,9995.659802
3473.990494,1545,10028.546652
3035.856402,1344,10057.124363
3383.439074,1536,10107.032693
2939.042268,1309,10134.906627
3271.03153,1479,10166.349667
3265.973986,1466,10197.550337
2823.661124,1257,10224.317021
3743.889019,1701,10260.483168
2772.666986,1250,10287.062557
2404.611145,1074,10330.475657
2705.10737,1206,10356.097742
2595.879517,1176,10381.108442
3496.522421,1637,10415.952135
3482.389837,1611,10450.198876
3380.207558,1547,10483.087497
2981.540915,1364,10512.088231
2959.385863,1354,10558.069327
3096.18277,1387,10587.578886
3455.117712,1557,10620.667195
2482.441192,1122,10644.542304
2500.161787,1137,10668.715741
2753.844939,1244,10695.213002
2363.918806,1058,10717.721053
2495.263229,1108,10741.30657
2286.31351,1019,10762.979258
2487.425242,1082,10798.174414
2919.41982,1313,10826.089814
2807.449957,1237,10852.411831
2577.392344,1128,10876.407439
2111.541327,987,10897.384104
2433.729253,1065,10920.014693
2323.66305,1036,10942.085634
2521.901122,1139,10966.313287
2612.755455,1151,10990.821046
3188.407908,1407,11034.835545
2549.989794,1157,11059.456222
2429.236906,1069,11082.160082
2396.178661,1072,11104.911202
2681.158688,1181,11129.981756
2454.07404,1114,11153.611566
2357.586544,1057,11176.071604
2607.070673,1158,11200.694917
2798.118063,1235,11243.167062
2564.673954,1148,11267.580225
3311.825752,1486,11299.152229
2613.062072,1157,11323.726321
2709.095216,1231,11349.91248
2583.653506,1156,11374.48386
2647.737086,1206,11400.123824
2635.669647,1175,11425.098111
2375.099028,1069,11447.807211
2180.94308,978,11485.546314
2939.338287,1304,11513.292938
2549.016091,1146,11537.661247
2420.364125,1083,11560.777388
2376.997472,1058,11585.113654
2447.702993,1089,11608.715166
2802.66421,1243,11635.208855
2568.972393,1140,11659.538951
2497.311156,1111,11696.354511
2572.987546,1156,11720.954193
2377.403349,1079,11743.942614
2982.969078,1344,11772.618106
2408.098394,1085,11795.751876
2453.216058,1097,11819.100926
2599.797966,1163,11843.882782
2439.300547,1098,11867.335555
2773.981025,1247,11893.937323
2757.071164,1250,11934.909326
2443.182931,1110,11958.602937
2446.398388,1100,11982.006873
2269.704678,1009,12003.512115
690.407925,299,12009.892781
2607.721685,1150,12034.402884
2482.974021,1113,12058.119108
2797.568372,1237,12084.438797
2793.49879,1266,12111.385749
2812.866247,1231,12152.524766
2760.700293,1213,12178.370079
2920.09852,1300,12206.065976
2698.906344,1255,12232.800661
3137.696736,1398,12262.616549
2381.106016,1051,12284.993343
968.578847,421,12293.987816
3471.963366,1564,12327.389007
2690.571317,1224,12353.460865
3347.404547,1489,12401.34629
3737.112214,1732,12438.212264
2926.872146,1292,12465.7407
3128.272921,1383,12495.21653
3880.512299,1871,12535.075216
2232.193094,1007,12556.517706
3492.501297,1565,12589.874889
2998.581957,1316,12640.790061
3444.413152,1525,12673.250231
2533.62413,1123,12697.157835
3564.776164,1573,12730.715539
3333.143968,1489,12762.421894
2769.836276,1227,12788.56622
3492.687587,1546,12821.617163
3332.851006,1482,12878.25246
2806.43411,1236,12904.621311
3255.35446,1437,12935.251372
4020.769872,1785,12973.313537
2588.712825,1147,12997.748894
3618.032446,1600,13031.856725
3680.896404,1635,13066.712309
2923.431439,1286,13113.876655
3956.072318,1744,13151.459115
3264.318727,1437,13182.077523
2613.164001,1134,13206.251543
4209.924185,1849,13245.623214
3244.261796,1431,13276.08763
4295.080278,1944,13337.859031
3453.401654,1512,13370.103959
3369.901481,1474,13401.512968
3844.881115,1701,13437.807968
3245.509198,1427,13468.2
2550.013894,1117,13491.995287
2240.682271,985,13512.997385
2594.278773,1145,13565.801826
3827.903453,1696,13601.904068
4519.640696,2021,13644.936142
3498.581079,1523,13677.350713
3757.772319,1644,13712.356958
2396.993299,1035,13734.434889
4149.114177,1829,13773.338
3656.555955,1684,13842.213597
3307.879194,1447,13872.988674
4063.365027,1778,13910.898903
4352.979849,1881,13950.994981
3727.251481,1649,13986.069813
3726.840973,1631,14020.777587
3598.821766,1612,14079.314673
4114.280587,1797,14117.60759
3340.191061,1516,14149.862664
3797.7251,1617,14184.307032
4028.910588,1791,14222.490501
4264.755452,1873,14286.760488
3927.587098,1804,14325.181711
3830.289651,1692,14361.246204
1246.707803,525,14372.400806
3306.084677,1452,14403.323745
4346.945638,2006,14445.985822
4514.762017,2065,14489.932364
4136.106676,1853,14556.443798
3954.246297,1740,14593.535643
4167.26863,1815,14632.179815
4216.2581,1899,14672.702145
4028.991808,1792,14710.906453
3954.426579,1772,14769.975708
4360.378045,1985,14812.229825
1206.200524,512,14823.148261
4324.315903,1994,14865.562273
4467.05987,2052,14909.205972
4231.011931,1961,14950.98247
3514.569129,1564,15011.423124
4496.486552,2076,15055.612557
3878.394054,1729,15092.444229
4258.092471,1961,15134.192286
4449.692776,2143,15179.83708
3286.793146,1419,15234.269877
4373.858703,2013,15277.154699
4301.573684,2067,15321.1648
1215.049842,516,15332.158944
4661.531049,2148,15377.913539
4260.940631,2032,15421.170865
4482.891706,2062,15494.464382
4419.874125,2095,15539.087104
4557.043871,2155,15584.985394
919.646532,380,15593.084748
4471.362515,2139,15638.677664
3643.274281,1628,15673.369123
4635.997704,2281,15748.650787
4283.168373,1903,15789.21984
4845.101333,2266,15837.434062
4094.786569,1790,15875.583359
1169.861129,516,15886.58908
4278.521852,1916,15927.364177
1229.066735,552,15955.022836
5118.160622,2383,16005.734444
1103.529972,485,16016.077701
4014.346255,1756,16053.5304
4509.497926,2032,16096.751723
4171.585819,1863,16136.399138
4230.599622,1885,16199.722045
4499.216662,2056,16243.487277
1109.103117,496,16254.009069
1214.768247,546,16265.653719
1289.8191,598,16278.38827
4047.656767,1834,16317.450271
1219.16497,538,16328.912469
1331.384676,576,16341.151439
1314.241952,583,16353.596688
1213.276917,539,16365.088286
3948.303151,1750,16412.462136
1083.97237,489,16422.893125
1322.057893,589,16435.437272
991.34233,449,16445.002467
1217.963683,526,16456.231938
1208.789159,529,16467.516361
1198.98487,532,16478.849623
867.372516,411,16487.608043
928.724128,427,16496.670731
1217.538111,550,16508.374134
1317.484535,586,16520.820951
1373.070277,601,16533.610929
1121.027547,484,16543.89943
1304.99935,570,16556.03537
1490.449019,658,16570.023735
4110.820685,1835,16609.100448
1212.117838,537,16630.512725
1093.424131,485,16640.848039
1184.211756,535,16652.209984
1295.306197,579,16664.550166
1134.241749,509,16675.390498
1235.603286,547,16687.04761
4745.057871,2145,16732.693946
4500.267731,1979,16775.06185
1493.392083,662,16789.177728
1253.52691,565,16801.22742
1221.507854,549,16812.9364
3076.480779,1364,16856.303052
4740.220608,2159,16902.235712
1601.504201,683,16916.772971
1012.630998,451,16926.357883
4425.650326,1958,16968.015971
1220.325247,529,16979.3026
1095.784851,504,16990.086694
1567.049692,675,17004.474695
1092.169832,478,17014.654415
1193.97267,540,17026.172192
1072.339184,475,17036.317749
3081.02699,1365,17065.369745
1085.718722,485,17087.017298
3116.191,1353,17115.843512
4643.410691,2072,17159.951702
1331.744375,589,17172.473971
4138.508568,1863,17212.119721
3552.500392,1577,17245.655097
830.76999,355,17253.211385
3541.502703,1567,17286.595645
1661.063962,714,17313.12915
4158.747974,1854,17352.614943
1138.911436,498,17363.221708
1318.062893,570,17375.37929
1112.568603,491,17385.833757
4383.190694,2014,17428.754326
4273.751357,1931,17469.838282
4136.31078,1875,17509.703387
1329.922371,577,17541.183785
3729.805194,1662,17576.58529
3457.073339,1527,17609.087504
1143.088133,491,17619.548332
1266.761382,564,17631.555303
4218.675421,1909,17672.173865
4421.849946,1956,17713.808765
3411.280627,1519,17746.17272
1470.754789,624,17782.283763
3424.724187,1475,17813.675086
4203.394911,1898,17854.089543
1139.1677,506,17864.894506
3773.924841,1681,17900.701993
4532.249685,2081,17944.942665
4672.265467,2093,18013.658247
4456.309488,1990,18055.995749
2974.856396,1313,18083.917069
4261.602737,1889,18124.158242
4425.834477,1988,18166.484137
4759.264221,2173,18212.73336
4695.576989,2171,18277.076245
4463.185285,2023,18320.15302
4332.4478,1997,18362.653899
4471.016633,1995,18405.093328
3895.184601,1744,18442.195534
4446.068065,2066,18514.239069
851.333573,354,18521.769563
4680.37899,2121,18566.956507
4635.969063,2087,18611.384933
4604.21109,2082,18655.653189
3307.740975,1459,18686.704309
3842.321488,1709,18745.863218
4672.324239,2093,18790.397481
4397.585441,1993,18832.821877
3662.312161,1614,18867.252801
3545.705838,1546,18900.15654
4244.589752,1879,18963.105113
4537.868418,2056,19006.844013
4857.946266,2206,19053.838608
4480.698425,2026,19096.961984
675.784126,286,19103.047298
4190.247235,1848,19142.342501
3705.796952,1629,19198.031424
3275.918602,1435,19228.599671
4314.591425,1949,19270.076869
830.204525,343,19277.386942
4081.19174,1822,19316.179044
5099.641096,2311,19365.369704
4593.189768,2162,19433.112927
3550.601784,1577,19466.676761
3283.512343,1417,19496.913836
4630.222184,2114,19541.88367
4713.162633,2130,19587.270309
4972.384558,2286,19658.814961
4446.979795,2007,19701.524821
799.374869,335,19708.677712
852.212238,356,19716.249481
4763.634665,2168,19762.423393
5089.170782,2380,19813.09845
4623.840443,2096,19857.691181
5277.436416,2426,19934.301986
5229.704614,2419,19985.815394
683.406055,301,19992.214554
4394.184146,1970,20034.153687
4781.120771,2170,20080.31609
3856.183823,1701,20137.198285
4885.833523,2193,20183.82697
3693.507371,1612,20218.127305
1806.549581,768,20234.503299
4996.343057,2265,20282.670984
5206.117284,2411,20333.966226
4622.993169,2145,20392.898614
5373.021236,2556,20447.325755
4611.618652,2100,20492.016382
838.487801,356,20499.607908
524.873738,227,20504.439422
5161.282955,2357,20554.548165
5546.782083,2575,20642.060668
5069.040805,2333,20691.685516
5388.247742,2545,20745.813108
5320.068988,2602,20801.152044
5364.756723,2626,20885.267798
5249.103052,2423,20936.882068
5305.559309,2476,20989.556611
5462.976115,2641,21045.768065
4981.646977,2386,21124.238254
855.260281,352,21131.715811
4985.726828,2267,21179.866526
4867.988154,2255,21227.780528
5460.865764,2685,21284.877667
5197.331533,2481,21371.995919
5635.590216,2794,21431.486657
5598.534365,2744,21489.867285
264.429242,143,21492.929746
4647.802084,2091,21537.425153
273.739537,146,21561.315753
706.719348,294,21567.574507
966.069102,395,21575.969265
5509.626916,2718,21633.79007
637.844677,270,21639.541171
5218.658683,2428,21691.150035
1317.054731,563,21703.113421
5101.470522,2315,21752.321361
4944.105623,2274,21820.70524
4971.409432,2396,21871.639483
5109.82134,2421,21923.123851
5609.312784,2694,21980.409617
1949.884574,838,21998.198442
274.778625,146,22001.303985
5758.905679,2864,22081.448303
5347.06262,2490,22134.475406
5327.932951,2602,22189.842613
5128.571461,2348,22264.430943
5940.577993,2922,22326.524218
814.579681,347,22333.920161
5714.055754,2783,22393.139345
1358.679463,580,22405.497017
6039.200804,2960,22468.478414
6032.088041,2932,22551.771783
888.043765,359,22559.41946
6160.929332,3028,22623.878645
4871.8185,2183,22670.313193
850.991109,349,22677.735098
