#{"t_start": 1652664720.9099267, "env_id": "AntBulletEnv-v0"}
r,l,t
48.08626,100,1.883406
40.482005,100,2.178304
58.018071,100,2.384398
43.244542,100,2.588411
63.032129,100,2.796789
67.035108,100,3.0011
54.974979,100,3.205054
43.880789,100,3.411777
44.438464,100,3.624579
51.9432,100,3.828753
65.932713,100,4.031415
44.856579,100,4.239502
44.758548,100,4.450681
68.946396,100,4.653575
46.141033,100,4.859609
30.521493,73,5.010331
45.887756,100,5.22031
53.377082,100,5.427487
45.160149,100,5.650396
46.580486,100,5.870239
47.500709,100,6.083152
50.881569,100,6.29767
53.891581,100,6.547964
47.915747,100,6.817284
52.728791,100,7.042503
45.286484,100,7.285325
41.984534,100,7.505418
45.23977,100,7.795123
37.612805,100,8.070383
52.931685,100,8.313112
48.41814,100,8.676402
43.320666,100,8.948984
52.234206,100,9.177871
48.155155,100,9.406948
15.885689,43,9.512126
47.983377,100,9.75196
49.013044,100,9.971804
45.344,100,10.232962
46.56415,100,10.488132
49.909377,100,10.710556
52.293267,100,10.958666
53.644401,100,11.201123
21.769725,50,11.330705
38.207417,84,11.516283
53.390638,100,11.745007
56.398738,100,11.989503
48.275406,100,12.253528
46.484367,100,12.497762
40.006834,100,12.718221
45.059047,100,12.9306
49.134535,100,13.145237
51.06104,100,13.356989
44.852546,100,13.652049
14.182154,45,13.749267
42.997502,100,13.96429
56.922788,100,14.173777
46.641903,100,14.392964
46.323699,100,14.603106
49.432054,100,14.823046
45.593937,100,15.034452
53.939805,100,15.286475
52.569247,100,15.519058
43.459431,100,15.730353
57.333652,100,15.951711
45.023004,100,16.176681
54.326487,100,16.391763
4.741814,21,16.436258
53.0108,100,16.667831
54.96435,100,16.900652
50.549919,100,17.111909
49.31774,100,17.325419
56.660796,100,17.537011
41.858858,100,17.75497
52.017012,100,18.058759
59.098227,100,18.287463
53.194049,100,18.504827
54.805546,100,18.720878
47.580837,100,18.934537
49.98512,100,19.147424
47.694317,100,19.363529
49.521651,100,19.581588
58.975499,100,19.79401
53.457816,100,20.031483
41.140884,100,20.259032
47.17352,100,20.481288
62.278075,100,20.71487
49.180451,100,20.941341
53.333871,100,21.154413
48.343137,100,21.37302
39.995128,100,21.601555
51.001102,100,21.826246
30.104597,64,21.959542
42.400306,100,22.174978
44.011652,100,22.386184
42.833712,100,22.598805
64.448743,100,22.804038
56.806298,100,23.014263
49.01327,100,23.222363
46.265184,100,23.429322
47.556771,100,23.638761
53.996124,100,23.849581
43.959106,100,24.058637
47.24094,100,24.264544
53.798166,100,27.741067
56.645561,100,30.059639
49.055791,100,32.418336
47.890348,100,34.752716
51.195782,100,37.059224
12.65419,37,37.928825
49.320435,100,40.254189
52.705479,100,42.557122
46.774778,100,44.873115
57.124772,100,47.209694
44.186745,100,49.587723
47.851242,100,51.9409
47.697016,100,54.330907
42.602039,100,56.676363
44.525983,100,59.088744
39.135231,100,61.455709
29.243772,60,62.976762
44.805225,100,65.909223
44.258859,100,68.367494
41.077448,100,71.016866
27.458613,100,73.982564
44.422332,100,76.569396
40.690152,100,78.973773
39.435164,100,81.541245
37.793834,100,83.978232
59.127882,100,86.60697
48.718772,100,89.114297
22.116227,100,91.606034
49.888046,100,93.998075
42.726817,100,96.353639
58.33537,100,98.754606
39.471566,100,101.101224
42.165214,100,103.433168
30.288499,100,105.770235
38.195323,100,108.096755
37.557136,100,110.43848
27.242596,100,112.778029
44.308388,100,115.103528
60.064106,100,117.428215
36.999621,100,119.776999
35.627551,100,122.120504
43.513569,100,124.462202
34.792917,100,126.790272
49.708165,100,129.142932
51.010426,100,131.512783
44.403996,100,133.880917
49.170755,100,136.223621
46.594457,100,138.550534
3.981205,20,139.014145
5.120504,20,139.481921
33.819169,100,141.825648
36.7417,100,144.178783
43.546385,100,146.51674
54.458935,100,148.85044
55.177882,100,151.191934
44.18262,100,153.542174
41.533167,100,155.890572
57.107658,100,158.230926
49.247293,100,160.569164
38.362614,100,162.895317
41.406159,100,165.260323
50.455586,100,167.606954
44.586861,100,169.9427
49.690863,100,172.285037
44.526275,100,174.744926
44.310499,100,177.114897
51.694076,100,179.488312
54.005041,100,182.43236
67.005809,100,184.82203
70.421093,100,187.596575
37.371868,100,190.097214
50.010825,100,192.741157
54.786295,100,195.629886
58.664223,100,198.210013
37.118532,100,200.661648
48.449526,100,203.064863
59.810769,100,205.95666
46.998174,100,208.295978
45.930819,100,210.642317
42.773032,100,212.983891
56.08268,100,215.317273
46.607082,100,217.65815
51.86556,100,220.0098
42.236217,100,222.46649
40.650725,100,225.067425
42.232437,100,227.944257
47.284955,100,230.614027
51.276952,100,233.127144
61.735227,100,235.740443
52.316886,100,238.186295
48.669952,100,240.571867
49.923191,100,242.995143
45.163204,100,245.49821
53.581304,100,247.994759
13.126964,33,248.810924
54.260685,100,251.225075
40.211257,100,253.737792
44.441551,100,256.190843
56.037905,100,258.792573
39.614457,100,261.797367
64.646022,100,264.538852
63.324272,100,267.153119
44.948284,100,269.566706
58.245048,100,274.337098
63.568686,100,277.122504
70.695246,100,279.574535
35.612754,100,281.97651
60.933907,100,284.516872
61.718947,100,286.922987
44.403365,100,289.317154
40.368719,100,292.362522
60.670124,100,295.045742
59.511071,100,297.563794
61.82048,100,300.049339
42.349916,100,302.500558
39.576586,100,305.376504
63.701578,100,308.111557
47.092196,100,310.588239
52.420738,100,313.067548
48.851707,100,315.465551
37.016822,100,318.402938
41.896338,100,321.375508
38.058333,100,323.863639
43.16181,100,326.306944
46.322769,100,328.764625
45.579671,100,331.200165
51.348059,100,334.166572
41.901595,100,336.964892
46.846006,100,339.469895
47.018869,100,342.374074
49.855301,100,345.292368
43.078767,100,347.764391
41.142653,100,350.202797
51.595943,100,353.355622
46.599431,100,355.983141
40.758449,100,358.59772
48.049597,100,361.040376
39.355578,100,363.527365
41.554964,100,365.937606
37.750424,100,368.299985
40.289873,100,370.653608
33.562108,100,373.001622
52.115527,100,375.331062
52.208373,100,377.655338
26.348111,100,379.98068
49.595331,100,382.316828
53.281157,100,384.646796
63.184563,100,386.987276
43.936393,100,389.330122
64.438105,100,391.66658
20.435642,50,392.831409
50.595057,100,395.160496
57.241589,100,397.490935
50.562539,100,399.830988
47.754076,100,402.179599
48.755419,100,404.540764
43.650993,100,406.875129
48.2409,100,409.260309
44.606665,100,411.738014
60.896422,100,414.121873
52.16314,100,416.457867
53.308905,100,418.792913
36.609681,100,421.113631
53.082623,100,423.432707
50.24324,100,425.757486
75.645192,100,428.087276
78.23711,100,430.408004
52.7038,100,432.723411
56.160073,100,435.061328
70.566187,100,437.40641
58.810017,100,439.7251
56.890148,100,442.063936
63.123403,100,444.397671
64.71924,100,446.764621
62.184191,100,449.087188
52.65166,100,451.415987
55.730416,100,453.741534
61.55399,100,456.092356
63.995571,100,458.422699
46.002692,100,460.787693
59.038873,100,463.167868
56.903379,100,465.55091
57.888777,100,467.907327
58.250706,100,470.254164
53.512281,100,472.589146
44.001129,100,474.90713
52.915726,100,477.240164
44.629287,100,479.571566
50.833453,100,481.899233
58.198647,100,484.242604
55.597903,100,486.580203
52.343967,100,488.933587
54.525763,100,491.250996
57.264508,100,493.602103
61.340764,100,495.947968
49.443961,100,498.267995
51.456998,100,500.659039
39.568506,100,502.997627
43.781049,100,505.343492
52.863255,100,507.670249
62.713658,100,510.015862
33.204751,100,512.370327
48.490469,100,514.72567
76.241637,100,517.080828
47.903473,100,521.08914
37.346193,100,523.43831
35.592168,100,525.748178
34.598208,100,528.080235
49.568553,100,530.418277
56.462669,100,532.747759
73.983592,100,535.087431
60.831742,100,537.456781
72.799544,100,539.793498
71.229737,100,542.114156
62.521355,100,544.450146
62.714715,100,546.764266
71.020714,100,549.09397
75.251767,100,551.54058
72.829984,100,553.873923
71.579566,100,556.200838
50.490285,100,558.519327
63.665937,100,560.839497
53.543974,100,563.160937
57.51765,100,565.496005
59.627215,100,567.829664
55.026385,100,570.184295
66.778987,100,572.510708
57.613873,100,574.853627
44.400266,100,577.206426
58.76931,100,579.537619
80.185786,100,581.861102
75.537484,100,584.180744
65.200211,100,586.51573
66.484573,100,588.888958
77.526498,100,591.221638
62.333735,100,593.550467
43.970585,100,595.887299
65.192426,100,598.205
82.768144,100,600.53067
75.79752,100,602.87293
58.64971,100,605.211193
34.609939,100,607.558352
73.991448,100,609.883451
59.515483,100,612.200539
51.352877,100,614.543326
84.993838,100,616.879306
58.656864,100,619.215648
62.557665,100,621.546664
74.863625,100,623.883789
78.467333,100,626.229963
50.205864,100,628.555865
87.809452,100,630.896815
63.47157,100,633.220138
52.645724,100,635.573995
56.635284,100,637.916488
82.83016,100,640.251574
52.592398,100,642.591706
72.608018,100,644.919869
50.47814,100,647.254433
96.432943,100,649.584147
93.229537,100,651.908158
74.064353,100,654.239253
58.728934,100,656.617241
80.991459,100,658.962592
80.959143,100,661.290838
73.891916,100,663.631642
75.01124,100,665.956692
69.085899,100,668.291302
76.70943,100,670.629999
72.714881,100,672.971116
79.208576,100,675.294221
51.687868,100,677.630907
41.303877,76,679.408358
45.35961,100,681.729885
60.155359,100,684.065933
60.32452,100,686.419074
100.80982,100,688.750477
47.231009,64,690.254082
57.343295,100,692.582619
82.624275,100,694.906063
51.79181,100,697.24291
72.545491,100,699.566902
81.470317,100,701.901444
54.639944,100,704.234498
66.385536,100,706.557843
89.313099,100,708.909366
60.35547,100,711.24924
80.867191,100,713.585358
75.164124,100,715.907735
74.584809,100,718.234424
74.456807,100,720.564824
55.124933,100,722.900278
53.709228,100,725.236779
105.070242,100,727.590775
71.057486,100,729.921335
56.838353,100,732.255115
85.034696,100,734.609342
72.077993,100,736.946812
76.720776,100,739.273675
78.750607,100,741.628412
76.77095,100,743.967099
96.908766,100,746.292212
94.569122,100,748.637255
64.133489,100,750.985038
73.346485,100,755.01922
85.88825,100,757.357791
103.441982,100,759.681463
58.631576,100,762.017523
92.440209,100,764.335562
79.117323,100,766.674602
91.759253,100,769.017076
70.504554,100,771.351305
78.093011,100,773.687691
93.016536,100,776.019053
83.179412,100,778.356555
58.510979,98,780.643237
68.716398,100,782.960534
68.883029,100,785.295668
67.458796,100,787.627489
89.068442,100,789.985656
86.893197,100,792.332677
86.031752,100,794.675141
76.224856,100,797.019801
80.967936,100,799.370011
61.382875,100,801.713697
78.438451,100,804.068787
95.022547,100,806.427041
79.715593,100,808.751293
92.029885,100,811.097633
76.396949,100,813.454136
79.506711,100,815.790385
102.384012,100,818.120465
76.282817,100,820.48101
89.959934,100,822.846495
73.822602,100,825.200044
74.981042,100,827.553665
84.767874,100,829.886713
89.057121,100,832.237907
106.33067,100,834.586768
117.326867,100,836.9241
96.457862,100,839.267748
96.899254,100,841.605899
65.495491,100,843.943974
63.974963,100,846.277503
111.326772,100,848.610784
75.905504,100,850.939633
95.62421,100,853.281016
70.097215,100,855.625402
80.739222,100,857.958248
109.33533,100,860.294069
64.458218,100,862.62156
80.83815,100,864.963438
80.695669,100,867.305408
70.940302,100,869.649919
79.3643,100,872.000014
71.05061,100,874.335827
74.856883,100,876.663245
63.087486,100,878.996641
65.306762,100,881.340294
71.391799,100,883.667806
78.554118,100,886.004055
83.007225,100,888.339213
85.603855,100,890.664367
70.988278,100,892.994376
64.114874,100,895.311041
80.382255,100,897.652777
84.824947,100,900.000853
77.290142,100,902.319576
72.27165,100,904.666974
85.296749,100,907.027149
76.438399,100,909.391641
68.392655,100,911.747426
104.058116,100,914.097001
76.520209,100,916.440256
91.512238,100,918.764155
75.464405,100,921.090719
75.265719,100,923.424913
106.228308,100,925.775704
87.92069,100,928.129377
95.969203,100,930.447482
74.034886,100,932.801407
110.798923,100,935.145369
99.938982,100,937.488127
109.793329,100,939.848933
76.097616,100,942.195332
89.575165,100,944.528405
91.527484,100,946.862029
81.015221,100,949.190787
92.899704,100,951.544643
76.561969,100,953.879752
90.292769,100,956.288581
78.662176,100,958.631742
122.902829,100,960.961192
84.930575,100,963.307526
84.900965,100,965.636849
110.572817,100,967.962235
76.610199,100,970.31085
94.735229,100,972.665542
98.824186,100,974.999916
112.749877,100,977.33716
84.098944,100,979.686629
103.432494,100,982.030835
116.982374,100,984.360414
72.179511,100,986.686407
75.705033,100,990.685471
79.478101,100,993.046806
107.613151,100,995.397273
79.703174,100,997.742345
94.760476,100,1000.070023
96.901685,100,1002.399749
85.610036,100,1004.739864
93.815706,100,1007.067219
101.703594,100,1009.398095
85.745556,100,1011.722236
100.141011,100,1014.038618
86.471822,100,1016.363206
98.245457,100,1018.683355
111.791283,100,1021.007426
113.268646,100,1023.332404
96.11891,100,1025.67107
93.518707,100,1028.008533
91.616596,100,1030.347047
108.248472,100,1032.713405
90.223228,100,1035.049155
116.316736,100,1037.408167
102.905526,100,1039.756465
97.792671,100,1042.08657
91.488405,100,1044.415453
94.37831,100,1046.740805
97.135894,100,1049.057965
88.575347,100,1051.37551
90.428499,100,1053.700488
71.969035,100,1056.024868
96.566447,100,1058.337134
91.50766,100,1060.667143
87.696362,100,1063.00615
88.727217,100,1065.365403
118.493541,100,1067.772294
96.787103,100,1070.184168
88.176758,100,1072.569828
79.81544,100,1074.919473
104.056495,100,1077.241144
80.356233,100,1079.555077
91.692314,100,1081.88041
74.588509,100,1084.208969
94.332161,100,1086.527144
79.885389,100,1088.843379
87.142655,100,1091.250911
83.762984,100,1093.637525
79.336577,100,1096.09925
70.368012,100,1098.607688
109.743463,100,1100.925086
102.911109,100,1103.284027
72.836141,100,1105.65065
100.910997,100,1107.984699
107.737058,100,1110.309377
86.04752,100,1112.827299
109.302808,100,1115.158562
97.454859,100,1117.481615
86.724458,100,1119.812765
84.263524,100,1122.146863
103.701902,100,1124.465773
112.182352,100,1126.81546
106.791948,100,1129.144091
84.986649,100,1131.477767
83.909562,100,1133.799516
106.269149,100,1136.15592
91.148009,100,1138.510285
91.804081,100,1140.897331
77.901977,100,1143.234045
89.453173,100,1145.574597
105.99809,100,1147.909278
90.932244,100,1150.254191
99.207817,100,1152.569847
101.723535,100,1154.8963
113.748665,100,1157.259036
108.836063,100,1159.694773
100.942977,100,1162.023465
87.261481,100,1164.355609
86.548889,100,1166.707762
117.772577,100,1169.036425
93.290902,100,1171.406785
110.833669,100,1173.761519
117.841904,100,1176.08279
111.290686,100,1178.420137
116.409119,100,1180.776486
118.62594,100,1183.134354
105.61944,100,1185.479003
111.949196,100,1187.827245
124.999576,100,1190.172045
101.515363,100,1192.520893
95.238362,100,1194.856192
113.599386,100,1197.189232
96.72399,100,1199.534003
108.946247,100,1201.867137
118.434749,100,1204.184463
101.247763,100,1206.524971
113.771586,100,1208.848335
99.227693,100,1211.17965
106.43661,100,1213.518776
103.272386,100,1215.859129
104.268719,100,1218.174314
109.906375,100,1220.495491
90.360046,100,1222.825458
82.079344,100,1226.857271
97.768509,100,1229.198223
80.540776,100,1231.513247
109.154856,100,1233.83445
110.545678,100,1236.174849
103.261092,100,1238.522855
96.584903,100,1240.878723
108.586151,100,1243.226096
96.280656,100,1246.058624
101.842788,100,1248.773047
111.500074,100,1251.309486
108.270108,100,1253.854982
128.330075,100,1256.267364
96.270433,100,1258.63159
102.728939,100,1260.988371
96.123563,100,1263.313427
97.709641,100,1265.643253
104.96218,100,1267.989192
110.758538,100,1270.326859
97.904086,100,1272.678745
103.951571,100,1275.026455
100.182457,100,1277.359722
110.72613,100,1279.698197
100.424245,100,1282.038975
95.606269,100,1284.421216
98.663347,100,1286.784716
98.311877,100,1289.112405
89.657966,100,1291.461159
100.296508,100,1293.794755
105.403085,100,1296.154324
101.046002,100,1298.494475
98.709025,100,1300.835878
105.697722,100,1303.177494
124.393077,100,1305.523856
114.409775,100,1307.886915
108.880512,100,1310.23495
98.381751,100,1312.570953
116.645526,100,1314.917709
105.335676,100,1317.25495
97.718963,100,1319.599124
122.541956,100,1321.955031
112.670228,100,1324.312773
110.393369,100,1326.652881
118.556548,100,1329.013036
109.748441,100,1331.352244
111.0581,100,1333.686507
123.712256,100,1336.027532
112.189403,100,1338.365442
118.04994,100,1340.720596
125.371069,100,1343.064191
124.203048,100,1345.407797
130.99519,100,1347.74492
86.098244,100,1350.08376
120.578779,100,1352.41696
104.146398,100,1354.750237
117.327145,100,1357.082947
118.649524,100,1359.441241
118.706064,100,1361.788963
98.499673,100,1364.115926
114.041507,100,1366.461119
118.257857,100,1368.80536
128.591996,100,1371.151484
123.416149,100,1373.515368
117.187584,100,1375.867129
102.504494,100,1378.342659
134.014496,100,1380.713215
113.688705,100,1383.087325
114.83531,100,1385.431781
129.055449,100,1387.871296
133.78711,100,1390.246818
111.058475,100,1392.630928
92.641995,100,1394.985403
120.04053,100,1397.30757
128.951555,100,1399.650023
129.731242,100,1401.960637
132.866277,100,1404.299876
122.523667,100,1406.635234
124.687931,100,1408.974307
125.629402,100,1411.302569
122.641638,100,1413.640681
137.007715,100,1415.973232
127.231425,100,1418.31656
130.589069,100,1420.630887
134.596575,100,1422.968402
123.934791,100,1425.295501
136.030537,100,1427.630457
116.751556,100,1429.966077
125.006556,100,1432.280294
121.182494,100,1434.619379
120.798853,100,1436.946823
125.377929,100,1439.290803
118.10845,100,1441.640681
124.362642,100,1443.984627
114.574904,100,1446.321625
145.952351,100,1448.640035
115.080809,100,1450.980406
116.497104,100,1453.312385
117.866991,100,1455.63118
117.471482,100,1457.953323
130.620452,100,1460.289194
131.473746,100,1464.330688
123.314202,100,1466.678365
127.825859,100,1469.009058
122.166358,100,1471.346716
123.675543,100,1473.716575
114.147475,100,1476.058667
111.760695,100,1478.377474
114.047053,100,1480.72006
116.30312,100,1483.060627
142.860735,100,1485.406816
112.242266,100,1487.754153
124.504586,100,1490.082836
112.612885,100,1492.427995
111.769876,100,1494.77433
126.953843,100,1497.109484
121.495084,100,1499.449078
120.166844,100,1501.783455
123.535159,100,1504.123902
115.223375,100,1506.47776
111.067795,100,1508.832179
109.564763,100,1511.177807
132.02054,100,1513.526637
114.837544,100,1515.872977
127.838068,100,1518.206127
140.054134,100,1520.542766
122.66913,100,1522.890601
136.678485,100,1525.235562
131.132076,100,1527.552585
121.488131,100,1529.887784
132.85391,100,1532.224694
117.359911,100,1534.559934
141.722992,100,1536.901538
130.628727,100,1539.24461
121.434621,100,1541.592809
135.023032,100,1543.935449
137.156166,100,1546.274854
133.013994,100,1548.613677
141.837758,100,1550.958699
137.410329,100,1553.314569
110.64589,100,1555.664056
139.354034,100,1558.098727
125.847723,100,1560.431205
133.580918,100,1562.77592
130.998804,100,1565.227773
121.590444,100,1567.570365
139.532436,100,1569.914888
129.689432,100,1572.251957
138.823522,100,1574.601765
125.406622,100,1576.953023
139.497299,100,1579.281436
137.011719,100,1581.605039
137.24565,100,1583.946234
141.227602,100,1586.265117
122.0615,100,1588.593787
121.294546,100,1590.915887
142.006304,100,1593.237318
138.147464,100,1595.557485
139.241445,100,1597.887531
129.694851,100,1600.217339
143.892482,100,1602.549909
125.084548,100,1604.879189
121.625149,100,1607.220788
111.540804,100,1609.550803
148.286857,100,1611.865442
124.773081,100,1614.212922
103.524093,100,1616.547459
142.053045,100,1618.889723
136.905756,100,1621.241629
143.348678,100,1623.569301
113.978475,100,1625.922285
117.223811,100,1628.277202
143.548719,100,1630.600238
118.211464,100,1632.925427
133.017109,100,1635.263642
123.784695,100,1637.602918
131.262986,100,1639.963349
143.889613,100,1642.337074
132.050376,100,1644.690377
142.340699,100,1647.030733
123.56529,100,1649.367578
127.521971,100,1651.70417
136.826005,100,1654.03718
120.674655,100,1656.358306
115.50196,100,1658.703751
136.098608,100,1661.0473
136.663868,100,1663.377779
139.392006,100,1665.701551
140.211033,100,1668.026697
128.312519,100,1670.364231
133.101167,100,1672.709699
114.529074,100,1675.056159
98.268853,100,1677.410926
127.346631,100,1679.73946
123.913853,100,1682.08499
128.118156,100,1684.40818
128.840728,100,1686.730874
126.107203,100,1689.079675
137.961948,100,1691.413553
114.689308,100,1693.736009
129.404516,100,1696.050217
141.894344,100,1700.11042
141.911741,100,1702.461196
138.978005,100,1704.802947
134.210483,100,1707.137832
128.677226,100,1709.485176
107.070233,100,1711.813198
130.085283,100,1714.165763
118.064582,100,1716.483851
138.898127,100,1718.807534
122.439719,100,1721.148098
122.380436,100,1723.479158
139.733242,100,1725.808872
130.428204,100,1728.124612
125.386902,100,1730.446521
135.244461,100,1732.77425
135.071468,100,1735.10372
128.589328,100,1737.425979
113.133753,100,1739.752027
106.48492,100,1742.090739
144.096907,100,1744.419761
126.075107,100,1746.751332
146.255614,100,1749.073094
135.190891,100,1751.411508
136.141883,100,1753.739841
128.03126,100,1756.053475
137.693556,100,1758.382755
132.189004,100,1760.705764
126.993109,100,1763.03144
135.598558,100,1765.364965
127.658107,100,1767.689331
144.978955,100,1770.024839
137.621195,100,1772.352229
127.742145,100,1774.686488
137.836753,100,1777.020456
134.106612,100,1779.36246
132.22237,100,1781.720603
141.655649,100,1784.050004
138.855699,100,1786.390765
132.362138,100,1788.73766
142.671277,100,1791.091024
148.09842,100,1793.408249
123.066055,100,1795.74943
135.384673,100,1798.088342
143.0721,100,1800.443557
137.211152,100,1802.766471
136.474225,100,1805.095625
122.536623,100,1807.439118
139.698647,100,1809.795405
136.832725,100,1812.135568
133.576309,100,1814.482232
119.850839,100,1816.82184
140.498345,100,1819.169653
135.968405,100,1821.520696
139.040046,100,1823.831233
140.485134,100,1826.159905
138.116091,100,1828.49378
125.866688,100,1830.837065
131.965935,100,1833.188913
125.508766,100,1835.515147
135.068786,100,1837.844522
137.757819,100,1840.176132
136.059998,100,1842.531112
149.255772,100,1844.867294
126.887879,100,1847.195603
134.721409,100,1849.520597
124.538339,100,1851.843936
147.814624,100,1854.174346
136.340837,100,1856.495927
142.129228,100,1858.812885
129.235688,100,1861.158014
141.570765,100,1863.517331
143.247663,100,1866.02493
147.070146,100,1868.552668
138.480578,100,1870.902426
135.9814,100,1873.594248
125.061792,100,1875.981712
149.789801,100,1879.286309
138.242377,100,1883.855186
133.444409,100,1888.550063
140.496529,100,1891.400158
134.385457,100,1893.843639
146.65973,100,1896.48121
124.650678,100,1899.20377
143.248888,100,1901.581575
125.705455,100,1903.969561
138.602319,100,1906.928194
140.477257,100,1909.749207
136.106127,100,1912.13615
126.224166,100,1914.442226
140.799083,100,1916.766464
130.167723,100,1919.117406
141.55648,100,1921.424688
132.98641,100,1923.742587
135.478628,100,1926.05967
132.309861,100,1928.363065
131.288821,100,1930.687775
142.455293,100,1933.018975
147.114733,100,1935.337363
141.933617,100,1937.660594
142.57888,100,1939.985821
146.168979,100,1943.972643
143.525435,100,1946.290784
141.600051,100,1948.61486
129.477988,100,1950.944765
132.211572,100,1953.281651
135.177184,100,1955.622958
135.21697,100,1957.955617
145.174291,100,1960.291386
145.603082,100,1962.632432
143.95143,100,1964.963495
134.373933,100,1967.289495
142.666355,100,1969.605094
154.648207,100,1971.930129
139.829376,100,1974.256985
148.997656,100,1976.58419
138.116927,100,1978.925933
135.607937,100,1981.237512
135.382147,100,1983.571518
135.353398,100,1985.906035
143.861551,100,1988.333132
142.419445,100,1990.669737
130.909259,100,1993.017851
130.627816,100,1995.365831
135.564578,100,1997.693738
137.488134,100,2000.026296
140.373891,100,2002.364295
139.849857,100,2004.678356
146.077394,100,2006.997965
151.424587,100,2009.337202
127.837555,100,2011.68025
133.945565,100,2014.020826
105.617328,100,2016.377757
140.81577,100,2019.07687
129.117778,100,2021.441322
147.844745,100,2023.820095
148.827064,100,2026.189725
122.123096,100,2028.523899
144.491096,100,2030.847258
129.107541,100,2033.165472
148.725231,100,2035.478375
137.087342,100,2037.800983
141.360587,100,2040.144458
151.810306,100,2043.319754
150.854253,100,2047.43014
137.970237,100,2052.474224
129.070407,100,2056.012002
140.996537,100,2059.233787
136.204967,100,2061.977049
145.120829,100,2064.392035
151.532359,100,2066.771647
131.699369,100,2069.836261
133.29964,100,2072.447847
132.995824,100,2074.770068
155.248828,100,2077.10369
140.177753,100,2079.424332
144.306304,100,2081.759309
141.584752,100,2084.120293
143.52064,100,2086.444164
142.857648,100,2088.797285
132.095666,100,2091.143535
149.443015,100,2093.468391
134.678548,100,2095.803332
146.66606,100,2098.15222
140.922033,100,2100.475884
146.42059,100,2102.793998
145.482391,100,2105.140594
132.3249,100,2107.474209
145.304497,100,2109.850311
140.930609,100,2112.201371
140.619002,100,2114.531277
134.431902,100,2116.859825
134.724935,100,2119.205569
149.868418,100,2121.541435
135.5458,100,2123.900433
142.348584,100,2126.245108
134.612752,100,2128.564572
147.118579,100,2130.912855
150.250146,100,2133.262971
146.193257,100,2135.615264
143.112844,100,2137.951188
140.540844,100,2140.275416
138.712523,100,2142.617204
148.70119,100,2144.956446
151.439086,100,2147.280519
137.025928,100,2149.63271
151.567515,100,2151.970584
120.641145,100,2154.2953
127.335734,100,2156.624512
148.131496,100,2158.949473
145.027827,100,2161.287527
148.219639,100,2163.619997
150.297277,100,2165.963333
140.395579,100,2168.284246
153.399344,100,2170.639283
146.955199,100,2172.967389
138.299239,100,2175.299873
146.16263,100,2177.649276
150.492187,100,2179.9815
145.396288,100,2182.308849
137.114477,100,2184.64213
189.520186,200,2190.966872
169.57173,200,2195.630251
178.946749,200,2200.290503
195.880326,200,2204.93865
179.540166,200,2209.566886
213.176603,200,2214.230408
202.083256,200,2218.873363
228.770344,200,2223.547901
204.492387,200,2228.190856
183.238462,200,2232.857599
225.854683,200,2237.53629
209.90472,200,2242.205003
213.15469,200,2246.898172
182.914191,200,2251.569908
215.129507,200,2256.218895
208.408453,200,2260.884406
214.808907,200,2265.541331
203.237572,200,2270.205763
194.295882,200,2274.881942
190.361842,200,2279.577636
151.064898,200,2284.218077
204.580861,200,2288.853296
214.360379,200,2293.520602
180.247174,200,2298.183514
216.081985,200,2302.830901
213.210768,200,2307.481417
182.26041,200,2312.156904
219.301616,200,2316.825293
133.099075,200,2321.506921
181.63183,200,2326.176128
188.466551,200,2330.843322
195.599198,200,2335.526705
195.050974,200,2340.182128
192.117353,200,2344.881769
212.708127,200,2349.553415
212.076744,200,2354.197313
193.513728,200,2358.83293
182.130241,200,2363.495452
206.94755,200,2368.139842
220.553596,200,2372.783961
182.304991,200,2377.46658
199.10383,200,2382.155439
187.59946,200,2386.811996
191.911991,200,2391.490733
195.716141,200,2396.152384
194.008585,200,2400.834556
209.126272,200,2405.490783
187.530928,200,2410.154816
223.874479,200,2414.810639
191.975555,200,2419.476275
177.161982,200,2425.815138
205.469314,200,2430.487278
210.648622,200,2435.137076
197.442971,200,2439.81695
191.890598,200,2444.499106
214.839179,200,2449.169995
150.022825,200,2453.848195
156.075168,200,2458.549825
203.683968,200,2463.252674
214.378376,200,2467.951185
221.471286,200,2472.657847
192.635246,200,2477.403285
208.917759,200,2482.114085
211.782674,200,2486.815789
242.593136,200,2491.503902
247.367817,200,2496.185539
220.447884,200,2500.856957
172.151413,200,2505.512176
229.038501,200,2510.177869
202.688801,200,2514.886987
233.522463,200,2519.590739
174.281809,200,2524.253126
223.149958,200,2528.940388
215.577632,200,2533.621769
215.911844,200,2538.32197
226.481834,200,2542.981395
215.196662,200,2547.67238
229.219652,200,2552.317473
117.398423,200,2556.983742
205.727254,200,2561.637135
255.941794,200,2566.265212
220.279333,200,2570.941407
207.869565,200,2575.594967
220.149317,200,2580.271933
213.951499,200,2584.928698
229.521649,200,2589.597656
225.998949,200,2594.274724
225.99861,200,2598.962495
219.871202,200,2603.633102
188.130646,200,2608.313365
241.32825,200,2612.999997
224.678397,200,2617.688844
213.648923,200,2622.360576
215.266383,200,2627.021893
237.248363,200,2631.666835
215.466227,200,2636.359894
185.397475,200,2641.044196
221.583591,200,2645.7236
206.070008,200,2650.381612
220.187614,200,2655.034139
226.178751,200,2661.393225
229.387375,200,2666.057686
220.722539,200,2670.72795
232.024761,200,2675.373893
213.771403,200,2680.037596
230.395466,200,2684.672943
206.950829,200,2689.330432
226.097334,200,2693.970314
207.936836,200,2698.596989
223.14036,200,2703.260467
220.006544,200,2707.910445
221.602518,200,2712.567439
209.462246,200,2717.198855
220.050637,200,2721.845725
204.754114,200,2726.459696
213.743158,200,2731.08458
215.452386,200,2735.709977
210.757073,200,2740.330842
223.169554,200,2744.969191
221.910822,200,2749.636922
214.844831,200,2754.276114
192.831679,200,2758.893806
224.159094,200,2763.520143
204.502307,200,2768.13392
226.193196,200,2772.77153
222.273917,200,2777.405605
231.175062,200,2782.032117
220.262839,200,2786.660586
226.73755,200,2791.303572
232.74559,200,2795.926343
210.154521,200,2800.563145
207.817757,200,2805.197685
220.731355,200,2809.817225
227.781545,200,2814.468564
228.076053,200,2819.09023
224.230668,200,2823.719648
228.610657,200,2828.363046
213.41257,200,2833.009511
226.819973,200,2837.643248
229.626003,200,2842.262693
204.218686,200,2846.904953
219.035547,200,2851.563843
211.466731,200,2856.198302
221.597673,200,2860.830543
234.242816,200,2865.452513
218.458647,200,2870.088005
239.482828,200,2874.743829
224.325587,200,2879.40787
201.375634,200,2884.029006
213.549,200,2888.670691
183.310495,200,2894.994238
212.917539,200,2899.631686
205.476164,200,2904.274395
231.288196,200,2908.913569
219.281956,200,2913.577052
219.362782,200,2918.200076
214.401647,200,2922.868831
225.468883,200,2927.507309
229.482484,200,2932.153365
227.724774,200,2936.824331
230.890176,200,2941.458808
251.095169,200,2946.093899
217.190396,200,2950.732847
233.458361,200,2955.359225
217.207028,200,2959.996401
215.71343,200,2964.651887
196.423361,200,2969.283599
207.996226,200,2973.940676
204.012804,200,2978.59839
181.318057,200,2983.292122
199.286514,200,2987.959042
210.019505,200,2992.61
228.665237,200,2997.263842
188.890494,200,3001.909379
227.74989,200,3006.569773
229.756818,200,3011.237748
244.104103,200,3015.931513
207.157112,200,3020.572091
215.071167,200,3025.211502
208.85005,200,3029.836107
205.948324,200,3034.494663
233.771396,200,3039.137168
224.285721,200,3043.798731
238.159845,200,3048.45898
225.748246,200,3053.108398
223.072436,200,3057.776902
224.38845,200,3062.411895
205.926984,200,3067.048419
223.699564,200,3071.711138
228.72651,200,3076.36474
228.425373,200,3081.026696
238.603897,200,3085.689035
184.387616,200,3090.305649
206.77351,200,3094.968288
234.263839,200,3099.613115
246.655268,200,3104.222715
245.081379,200,3108.857386
165.443958,200,3113.505517
241.816913,200,3118.195016
174.026282,200,3122.846573
240.188869,200,3129.137068
225.375642,200,3133.78602
204.514016,200,3138.432742
206.323314,200,3143.082088
234.590776,200,3147.718886
211.078568,200,3152.418963
209.953884,200,3157.088606
195.505212,200,3161.754428
220.303449,200,3166.400668
249.521273,200,3171.0744
230.386946,200,3175.702376
211.69548,200,3180.349228
221.259858,200,3185.007365
226.34704,200,3189.672589
258.78339,200,3194.333609
214.555005,200,3198.98763
189.317284,200,3203.647907
212.188054,200,3208.312919
209.265404,200,3212.976458
215.249737,200,3217.619379
209.781816,200,3222.257219
207.108747,200,3226.884739
215.227786,200,3231.53363
233.003752,200,3236.170191
222.110925,200,3240.800655
246.987993,200,3245.456789
201.928901,200,3250.116624
238.165241,200,3254.783173
214.318944,200,3259.423227
216.258869,200,3264.054172
228.859227,200,3268.693503
215.166487,200,3273.334571
262.115184,200,3278.01011
191.919041,200,3282.693545
211.122331,200,3287.36039
244.268132,200,3291.992448
244.216362,200,3296.622437
227.137288,200,3301.25082
208.174712,200,3305.90387
254.893537,200,3310.566803
244.814483,200,3315.240384
249.172144,200,3319.94613
203.211609,200,3324.594555
190.766003,200,3329.248598
258.488088,200,3333.905473
235.175889,200,3338.593614
252.313143,200,3343.233713
199.26009,200,3347.890285
248.120787,200,3352.570361
249.082339,200,3357.200663
241.870596,200,3363.535594
237.46588,200,3368.210871
246.928709,200,3372.88568
258.55046,200,3377.532489
251.365174,200,3382.180798
251.238716,200,3386.823032
272.151425,200,3391.495893
206.018099,200,3396.15414
217.094065,200,3400.78525
272.61608,200,3405.43067
225.807261,200,3410.092972
252.726902,200,3414.730177
239.979497,200,3419.409981
262.010534,200,3424.044382
256.659527,200,3428.659229
232.909192,200,3433.30651
247.16856,200,3437.951437
246.782403,200,3442.606639
256.271204,200,3447.244062
250.533493,200,3451.891149
231.27647,200,3456.548284
260.729058,200,3461.190099
264.924739,200,3465.81858
234.202963,200,3470.460516
251.46777,200,3475.116772
256.756753,200,3479.778653
258.985767,200,3484.414101
243.203936,200,3489.053636
233.484367,200,3493.689553
237.850784,200,3498.343345
186.509588,200,3503.000998
285.867381,200,3507.645407
270.430466,200,3512.291678
239.327528,200,3516.960216
245.653885,200,3521.600048
249.784561,200,3526.248912
261.015127,200,3530.89077
260.191587,200,3535.530407
256.719191,200,3540.186157
276.848266,200,3544.841409
267.355806,200,3549.489223
275.651053,200,3554.142525
269.201564,200,3558.78653
245.795714,200,3563.443698
245.536211,200,3568.087232
234.469241,200,3572.72226
280.406846,200,3577.349431
274.68914,200,3582.008648
278.801677,200,3586.667379
267.676659,200,3591.299971
247.451192,200,3597.628905
247.022243,200,3602.236007
267.069091,200,3606.882078
252.250275,200,3611.541433
194.286475,200,3616.18067
288.772421,200,3620.855243
279.757657,200,3625.503182
244.575425,200,3630.130438
251.04582,200,3634.792875
266.258649,200,3639.430927
279.234606,200,3644.090275
275.942072,200,3648.760572
296.490313,200,3653.431491
273.182681,200,3658.076833
293.515798,200,3662.717368
263.182753,200,3667.348497
224.898879,200,3672.004917
275.122489,200,3676.688159
268.522805,200,3681.357111
272.122349,200,3686.076121
282.487242,200,3690.722378
298.7575,200,3695.374489
278.816827,200,3700.021268
256.755795,200,3704.695525
255.053652,200,3709.346254
259.215623,200,3713.975339
306.084855,200,3718.634051
288.028421,200,3723.277441
272.314479,200,3727.924027
251.189193,200,3732.552091
274.474875,200,3737.180074
246.572857,200,3741.836576
249.445146,200,3746.487941
229.382884,200,3751.146719
245.203618,200,3755.793453
268.350283,200,3760.438832
251.125065,200,3765.07875
231.509491,200,3769.693485
262.12984,200,3774.320487
212.76312,200,3778.970601
249.936322,200,3783.612055
263.301056,200,3788.275538
277.025907,200,3792.939692
238.148813,200,3797.576465
260.210637,200,3802.209814
268.957315,200,3806.861776
283.494264,200,3811.484261
278.508219,200,3816.119926
264.798532,200,3820.760472
285.169918,200,3825.421004
273.454278,200,3831.806553
283.100183,200,3836.451849
216.657824,200,3841.100188
253.693929,200,3845.740158
269.212489,200,3850.381282
278.705795,200,3855.030501
279.504384,200,3859.688986
280.456246,200,3864.34324
253.398899,200,3868.992754
222.182437,200,3873.635086
273.860772,200,3878.282601
261.364972,200,3882.917329
288.764984,200,3887.582259
272.080686,200,3892.199605
287.633747,200,3896.830398
268.21711,200,3901.47538
259.627262,200,3906.103749
258.548914,200,3910.743165
270.779981,200,3915.370003
271.200977,200,3920.033469
279.016053,200,3924.691684
281.52422,200,3929.333989
279.258202,200,3933.991315
258.034321,200,3938.643801
272.891411,200,3943.27969
271.427627,200,3947.912528
261.46321,200,3952.570439
277.125934,200,3957.204005
275.025144,200,3961.836947
299.988089,200,3966.436267
275.328251,200,3971.084153
275.718021,200,3975.725317
297.473213,200,3980.358637
234.576573,200,3985.018629
250.020048,200,3989.661233
278.452031,200,3994.277556
233.358798,200,3998.912795
305.476469,200,4003.543982
175.160651,200,4008.182467
274.719624,200,4012.835623
238.364788,200,4017.495922
284.429103,200,4022.135498
291.364503,200,4026.774403
247.478498,200,4031.448377
265.50843,200,4036.11528
274.786335,200,4040.773204
274.247385,200,4045.407233
261.243014,200,4050.066453
267.684577,200,4054.728724
250.559556,200,4059.349267
270.918029,200,4065.609448
208.383636,200,4070.252628
238.485445,200,4074.916249
272.970304,200,4079.575557
273.311138,200,4084.226651
267.491037,200,4088.883414
276.8435,200,4093.535261
279.587719,200,4098.156671
237.138799,200,4102.791695
273.173382,200,4107.426779
233.474397,200,4112.054999
265.680301,200,4116.687505
272.105142,200,4121.362931
295.739775,200,4125.990808
265.650959,200,4130.630441
259.711358,200,4135.275929
263.672632,200,4139.895287
244.603489,200,4144.530121
247.346704,200,4149.168259
283.59773,200,4153.833281
272.805169,200,4158.452814
276.410896,200,4163.097454
274.035791,200,4167.705408
273.315934,200,4172.343189
239.526436,200,4176.989799
261.214821,200,4181.612856
256.527815,200,4186.247693
279.948177,200,4190.903592
243.74791,200,4195.561543
266.503265,200,4200.22195
263.91111,200,4204.862341
278.538246,200,4209.498395
268.049353,200,4214.106592
275.773721,200,4218.763365
298.624527,200,4223.435116
278.193655,200,4228.074763
240.568692,200,4232.696212
279.838721,200,4237.305688
292.568095,200,4241.937332
290.343252,200,4246.576293
254.685255,200,4251.233424
262.573125,200,4255.897029
247.835458,200,4260.520291
258.290778,200,4265.159921
284.568369,200,4269.795355
264.643548,200,4274.427047
280.159958,200,4279.053334
284.106183,200,4283.703737
269.188069,200,4288.375221
258.052846,200,4293.029497
283.898271,200,4299.370884
284.506229,200,4303.99111
279.541188,200,4308.635713
292.571346,200,4313.289042
281.719207,200,4317.924025
285.485639,200,4322.581612
298.143524,200,4327.217883
275.495613,200,4331.873014
280.794432,200,4336.516666
286.257962,200,4341.153368
293.976064,200,4345.804409
284.101142,200,4350.447825
261.563842,200,4355.113715
287.872422,200,4359.745507
290.496423,200,4364.408694
288.491633,200,4369.052097
284.219197,200,4373.70148
279.128963,200,4378.341314
294.720558,200,4382.985548
305.963353,200,4387.631422
287.099362,200,4392.295261
284.028869,200,4396.910379
301.307056,200,4401.556137
291.830743,200,4406.172611
279.772622,200,4410.810345
267.102831,200,4415.446865
256.102407,200,4420.092483
271.602409,200,4424.745412
259.622552,200,4429.40116
298.449931,200,4434.040187
257.703804,200,4438.667119
266.154776,200,4443.327089
300.500686,200,4447.959373
300.37694,200,4452.617013
295.886796,200,4457.280262
288.732111,200,4461.938962
273.740507,200,4466.613152
309.57545,200,4471.272173
288.860691,200,4475.936874
273.74713,200,4480.591995
283.337416,200,4485.273134
269.708513,200,4489.983003
304.497552,200,4494.64389
266.353367,200,4499.280276
290.969072,200,4503.920758
291.966329,200,4508.560707
260.15453,200,4513.215945
259.927037,200,4517.843295
271.83514,200,4522.508786
287.042695,200,4527.14244
297.332665,300,4535.758169
345.569172,300,4542.740408
325.47848,300,4549.721564
305.91461,300,4556.737221
286.949487,300,4563.713784
335.858685,300,4570.681108
320.01541,300,4577.62996
320.416854,300,4584.622027
324.015046,300,4591.590362
328.833733,300,4598.585827
343.357722,300,4605.547239
343.135574,300,4612.530884
344.248255,300,4619.50224
324.330065,300,4626.48884
334.601903,300,4633.453504
371.9895,300,4640.422117
327.344319,300,4647.353514
336.827865,300,4654.320708
313.300298,300,4661.293875
320.138222,300,4668.273407
302.556022,300,4675.242099
354.322395,300,4682.19314
316.334323,300,4689.169684
309.114939,300,4696.14874
341.120323,300,4703.139977
307.586046,300,4710.113012
329.985884,300,4717.084659
325.901298,300,4724.285612
298.068677,300,4731.229718
361.900879,300,4738.199138
394.147152,300,4745.177152
366.726715,300,4752.135581
291.446307,300,4759.115276
355.582655,300,4767.78119
342.350302,300,4774.74419
328.712472,300,4781.69656
363.533784,300,4788.674649
263.092057,300,4795.667346
365.904387,300,4802.668409
338.013516,300,4809.623933
350.662001,300,4816.570457
353.491313,300,4823.572487
330.58936,300,4830.521444
319.279969,300,4837.477669
309.377511,300,4844.430678
296.24008,300,4851.36404
349.264801,300,4858.34313
356.411772,300,4865.277773
337.803132,300,4872.255101
354.48143,300,4879.214212
337.846467,300,4886.211909
347.177744,300,4893.180908
340.182706,300,4900.148683
309.147042,300,4907.134058
348.788811,300,4914.108216
340.598417,300,4921.086758
325.487047,300,4928.066594
328.470876,300,4935.070475
361.793588,300,4942.067356
315.828451,300,4949.024406
359.374892,300,4955.99354
341.443927,300,4962.966737
330.040378,300,4969.950042
344.732567,300,4976.958775
325.063687,300,4983.977789
368.993953,300,4990.980407
388.859424,300,4999.652456
350.539635,300,5006.648157
326.891279,300,5013.620874
343.518738,300,5020.606615
348.904468,300,5027.598033
350.195739,300,5034.577236
345.41994,300,5041.572867
372.516247,300,5048.534515
371.860747,300,5055.545566
339.211566,300,5062.530212
363.429008,300,5069.48443
345.964854,300,5076.427669
350.205001,300,5083.411821
221.73859,300,5090.377913
370.143502,300,5097.327846
375.274212,300,5104.293428
385.233254,300,5111.2706
354.591949,300,5118.224027
321.627928,300,5125.211744
348.006939,300,5132.18372
371.727048,300,5139.11713
369.281295,300,5146.059344
334.031168,300,5153.008655
359.715568,300,5160.017297
374.038391,300,5166.973022
339.522631,300,5173.934094
389.562455,300,5180.929177
364.384218,300,5187.959746
366.779633,300,5194.951841
372.816468,300,5201.944806
349.902184,300,5208.903055
349.019447,300,5215.865168
378.903985,300,5222.882849
370.155488,300,5229.894341
354.040344,300,5238.633332
367.573416,300,5245.622964
380.06716,300,5252.606853
398.003367,300,5259.592785
355.662919,300,5266.539446
399.262811,300,5273.533061
386.562573,300,5280.467551
369.107572,300,5287.537415
366.836583,300,5294.58764
380.519779,300,5301.552816
380.191933,300,5308.52042
380.766081,300,5315.500506
394.66252,300,5322.476138
373.684027,300,5329.46523
376.743544,300,5336.460974
333.385041,300,5343.430941
388.495408,300,5350.404922
403.375714,300,5357.404317
417.049725,300,5364.446899
376.976625,300,5371.44463
373.596475,300,5378.453517
376.845686,300,5385.391587
323.660461,300,5392.41236
397.298178,300,5399.428124
367.289394,300,5406.407811
353.747149,300,5413.404296
376.733715,300,5420.377088
397.218745,300,5427.355837
400.250107,300,5434.35289
400.671474,300,5441.322125
400.224508,300,5448.278782
401.862366,300,5455.429308
365.469802,300,5462.415833
390.529149,300,5471.116608
421.010359,300,5478.110822
398.679014,300,5485.085391
376.842982,300,5492.079201
374.466339,300,5499.028538
420.851189,300,5505.977525
388.879346,300,5512.905961
343.833463,300,5519.851239
384.678225,300,5526.814558
399.97472,300,5533.77031
366.650602,300,5540.73515
357.844407,300,5547.67468
409.131437,300,5554.616609
411.948062,300,5561.603229
378.509237,300,5568.554643
365.452323,300,5575.497358
395.587811,300,5582.462327
389.408573,300,5589.39115
377.865622,300,5596.393102
384.532201,300,5603.372761
371.146848,300,5610.349773
370.631641,300,5617.310843
382.336767,300,5624.302333
392.995281,300,5631.301037
406.839642,300,5638.269349
367.387129,300,5645.667184
397.023298,300,5653.562415
387.58419,300,5662.270148
377.0206,300,5674.039456
414.282069,300,5685.45723
392.560856,300,5696.981341
370.087142,300,5708.374377
356.275271,300,5719.824728
382.157449,300,5733.501938
379.719927,300,5744.93821
406.187293,300,5756.378639
331.004663,300,5767.813633
399.75011,300,5779.149216
400.403098,300,5790.494844
381.74282,300,5801.869043
378.149668,300,5813.253667
415.49974,300,5824.630619
380.425618,300,5836.024157
392.160771,300,5847.422294
408.561797,300,5858.828782
417.16612,300,5870.188084
410.204978,300,5881.468089
388.76605,300,5892.827545
372.119466,300,5904.25696
391.106895,300,5915.701293
245.439815,300,5927.245436
390.408335,300,5938.726969
335.925871,300,5950.231137
401.101722,300,5961.7267
381.44258,300,5973.228312
398.183564,300,5984.327957
398.163601,300,5995.710528
419.09621,300,6007.17603
361.371434,300,6018.460856
396.685017,300,6029.89316
358.217039,300,6041.400796
373.799921,300,6052.852607
378.898048,300,6064.10645
377.804703,300,6075.50897
391.915546,300,6086.937354
379.288818,300,6098.304991
358.21017,300,6109.75694
413.45098,300,6123.331252
372.18244,300,6134.857712
427.130742,300,6146.231938
418.86335,300,6157.571771
336.132949,300,6169.048702
377.26018,300,6180.450521
354.668346,300,6191.915192
375.735046,300,6203.488116
361.116598,300,6214.887805
425.319871,300,6226.366087
395.349398,300,6237.941519
389.393323,300,6249.365975
382.984796,300,6260.706413
375.409419,300,6272.161718
424.031468,300,6283.470438
388.411019,300,6294.887142
400.007623,300,6306.292772
399.435004,300,6317.717271
397.056422,300,6329.083619
392.302525,300,6340.105277
416.190498,300,6351.364103
349.303768,300,6362.873464
367.500931,300,6374.246066
399.35402,300,6385.690966
418.245747,300,6396.969412
388.637312,300,6408.477112
391.068054,300,6419.840723
379.440512,300,6431.259362
408.982266,300,6442.699208
385.440775,300,6454.109768
361.527099,300,6465.505767
390.239459,300,6476.804701
390.030565,300,6488.20824
375.108636,300,6501.855114
391.665086,300,6513.21965
341.123483,300,6524.606583
377.05271,300,6536.120416
386.445068,300,6547.500415
386.526495,300,6558.931653
392.558643,300,6570.408226
384.181899,300,6581.87002
390.55857,300,6593.266957
434.863332,300,6604.702556
359.190447,300,6616.120994
377.226482,300,6627.49952
356.227955,300,6639.014883
345.717539,300,6650.453966
352.458663,300,6661.889447
387.20487,300,6673.314711
391.635699,300,6684.615245
402.354591,300,6695.619732
401.52572,300,6707.04345
394.312026,300,6718.427573
315.754196,300,6729.881825
381.597956,300,6741.293952
371.107153,300,6752.742024
397.844417,300,6764.189312
392.901132,300,6775.607217
387.301554,300,6786.997451
398.665203,300,6798.390324
322.504138,300,6809.87159
392.088371,300,6821.291064
363.514369,300,6832.650882
376.553724,300,6844.068368
403.645105,300,6855.461464
380.646717,300,6866.984888
397.800638,300,6880.439266
404.377662,300,6891.994689
368.012726,300,6903.518232
405.610192,300,6914.879879
378.260759,300,6926.366731
389.630321,300,6937.893827
415.905508,300,6949.248584
299.8836,300,6960.709229
399.24308,300,6972.12792
386.691752,300,6983.547115
312.871305,300,6995.090272
397.508287,300,7006.467484
387.188743,300,7017.92567
417.40949,300,7029.290595
384.368073,300,7040.748113
388.603863,300,7051.92223
407.758808,300,7063.383315
357.661275,300,7074.795877
386.645221,300,7086.193595
403.383322,300,7097.697089
380.518323,300,7109.038537
373.828334,300,7120.331105
334.996367,300,7131.782653
414.433059,300,7143.14921
435.53524,300,7154.471838
386.307152,300,7166.025973
399.273475,300,7177.605457
353.082023,300,7188.933451
404.621498,300,7200.370431
429.740859,300,7211.71956
427.249415,300,7223.098316
396.895854,300,7234.504434
381.584064,300,7245.970066
388.686016,300,7257.244479
365.404305,300,7270.803586
395.072197,300,7282.189101
433.029249,300,7293.586181
421.996738,300,7304.985715
443.837329,300,7316.391973
405.335251,300,7327.85992
416.644773,300,7339.285193
453.903038,300,7350.64172
422.673173,300,7362.03432
358.25194,300,7373.462229
428.196194,300,7384.843685
394.801691,300,7396.297508
437.622653,300,7407.425623
428.688095,300,7418.783185
373.725908,300,7430.256948
416.862622,300,7441.747721
377.59861,300,7453.141347
411.638877,300,7464.523612
430.928265,300,7475.982572
409.871496,300,7487.349039
390.383086,300,7498.731272
444.598544,300,7510.126804
409.269149,300,7521.42062
448.607898,300,7532.788321
424.998168,300,7544.261073
430.080108,300,7555.547015
395.473418,300,7566.863402
398.093958,300,7578.300057
325.327541,300,7589.767867
419.43998,300,7601.181285
438.315769,300,7612.547365
340.416447,300,7623.969352
407.512613,300,7635.52233
360.438679,400,7652.819715
490.851077,400,7667.935296
520.344721,400,7683.132369
407.846299,400,7698.230716
416.567607,400,7713.415763
498.704541,400,7728.601179
506.307852,400,7743.788297
468.477698,400,7759.019442
480.379398,400,7773.881377
461.010421,400,7789.005296
496.88995,400,7804.100625
540.597261,400,7819.298506
464.854773,400,7834.529962
421.129927,400,7849.763238
512.004608,400,7865.03258
520.857411,400,7880.079059
498.858997,400,7895.331812
582.224764,400,7910.665853
384.469563,400,7925.868944
510.088272,400,7941.043297
482.087989,400,7956.06591
528.536287,400,7971.297559
492.416291,400,7986.538667
482.916612,400,8001.592661
486.171012,400,8016.634321
546.984582,400,8033.866514
373.033913,400,8049.026056
518.076513,400,8064.123014
542.774066,400,8079.403946
479.189921,400,8094.423351
473.444086,400,8109.714984
482.432707,400,8124.562214
523.252974,400,8139.903789
417.04608,400,8155.084275
479.409458,400,8170.29791
458.338637,400,8185.45588
529.796171,400,8200.628588
532.329273,400,8215.840654
505.425053,400,8230.999443
507.120322,400,8246.196937
517.594649,400,8261.518724
541.868572,400,8276.718041
515.289957,400,8291.842527
493.907717,400,8307.145037
438.264845,400,8322.405704
495.641579,400,8337.726654
519.292245,400,8352.954886
447.042025,400,8368.129548
533.668065,400,8383.231233
593.706697,400,8398.471923
526.894962,400,8415.716592
478.873361,400,8431.005874
463.322232,400,8446.278522
497.550022,400,8461.342026
535.288592,400,8476.377214
470.944925,400,8491.73941
542.32909,400,8506.830587
441.163248,400,8521.944477
487.413978,400,8537.111271
535.324015,400,8552.402446
455.340158,400,8567.491992
537.840533,400,8582.831387
448.368407,400,8598.009077
439.482483,400,8613.322615
538.098271,400,8628.528136
477.492337,400,8643.783702
439.691923,400,8658.955823
509.833062,400,8674.043058
539.9525,400,8689.243753
532.17861,400,8704.491057
507.669355,400,8719.756656
545.340219,400,8734.889802
490.153139,400,8750.092396
454.096251,400,8765.181792
515.976767,400,8780.36711
473.393017,400,8797.628989
520.58582,400,8812.822718
563.555025,400,8827.964837
465.734994,400,8842.84304
505.623843,400,8858.086203
541.083021,400,8873.298759
465.08145,400,8888.417278
564.142321,400,8903.663588
481.72223,400,8918.879255
478.227501,400,8934.046353
550.811883,400,8949.291801
455.256177,400,8964.421368
488.758067,400,8979.553777
582.944828,400,8994.681689
524.10453,400,9009.897058
523.009758,400,9025.107544
509.310675,400,9040.431032
556.988085,400,9055.546347
507.565491,400,9070.712125
504.183332,400,9085.744259
513.443848,400,9100.855893
531.646466,400,9115.997477
424.669954,400,9131.067733
513.644392,400,9146.197663
537.287583,400,9161.310619
478.621985,400,9178.559345
502.098104,400,9193.518742
531.42177,400,9208.760605
522.534959,400,9223.934047
499.202265,400,9239.169884
474.552065,400,9254.564803
524.194172,400,9269.730915
545.144402,400,9284.965264
520.344928,400,9300.134882
525.758323,400,9315.439611
516.035223,400,9330.578592
479.285841,400,9345.818156
473.521797,400,9360.963421
490.320301,400,9376.158885
525.452922,400,9391.462186
540.306594,400,9406.659025
524.944586,400,9421.927662
548.573429,400,9437.113446
510.66436,400,9452.222645
510.904345,400,9467.354281
494.14589,400,9482.728736
534.233479,400,9497.871061
524.654356,400,9513.109241
521.244052,400,9528.252283
541.146527,400,9542.98538
527.35931,400,9560.149773
495.962286,400,9575.367842
565.759592,400,9590.684928
483.208167,400,9605.871557
578.518764,400,9621.149655
529.940581,400,9636.250562
508.940614,400,9651.576063
528.467122,400,9666.831416
533.267038,400,9682.051741
487.993449,400,9697.229208
526.416906,400,9712.510386
500.498487,400,9727.765195
509.600799,400,9742.864808
511.233936,400,9758.102044
555.582875,400,9773.243042
479.867756,400,9788.474099
465.000739,400,9803.699087
483.18763,400,9818.957678
546.241581,400,9833.944195
550.148085,400,9849.090147
507.574929,400,9864.377427
559.703451,400,9879.668639
538.247603,400,9894.990133
536.813608,400,9909.847048
564.89747,400,9925.161252
536.047953,400,9942.362936
519.766684,400,9957.535003
563.811373,400,9972.687639
561.339292,400,9987.752761
506.741915,400,10002.948351
481.896915,400,10018.117141
628.261421,400,10033.34531
582.948276,400,10048.591155
539.363563,400,10063.78897
545.205458,400,10078.895061
511.472722,400,10094.040026
523.42361,400,10109.18884
555.172612,400,10124.293368
518.047113,400,10139.423094
603.994473,400,10154.729965
531.761466,400,10169.786889
519.135893,400,10184.951436
486.117939,400,10200.072278
547.868259,400,10215.405552
548.058843,400,10230.551698
485.993035,400,10245.690053
530.325696,400,10260.469421
553.645627,400,10275.735606
453.41757,400,10290.950088
460.360392,400,10306.193126
562.284402,400,10323.559875
491.966902,400,10338.661929
606.896196,400,10353.864202
446.482112,400,10369.087133
496.339863,400,10384.207401
598.624136,400,10399.498673
548.372883,400,10414.766178
499.194843,400,10429.97713
547.848028,400,10445.225395
538.411188,400,10460.411929
529.986068,400,10475.645441
564.233846,400,10490.82432
579.409032,400,10505.91201
581.532926,400,10521.092937
565.215505,400,10536.270053
602.740684,400,10551.45186
542.272899,400,10566.851247
534.858097,400,10582.034701
540.166114,400,10597.254361
533.569724,400,10612.031818
526.747629,400,10627.278108
541.791299,400,10642.493222
562.12525,400,10657.783671
592.353718,400,10673.083935
570.852826,400,10688.266158
516.384682,400,10705.517837
587.102965,400,10720.739146
568.911908,400,10735.934345
517.76109,400,10750.980328
580.478412,400,10766.173807
548.41875,400,10781.394066
574.718052,400,10796.636526
620.01063,400,10811.962794
564.671456,400,10827.144333
516.110536,400,10842.354283
510.620683,400,10857.546112
583.680826,400,10872.743522
605.746504,400,10888.03179
540.997311,400,10903.279752
641.756108,400,10918.571715
598.05599,400,10933.789286
621.882789,400,10948.965061
553.167755,400,10964.145802
534.632706,400,10979.027553
582.952184,400,10994.224105
567.863285,400,11009.3538
632.463917,400,11024.513187
555.65207,400,11039.618898
506.779093,400,11054.813671
616.399934,400,11069.937889
626.68885,400,11087.246333
596.092176,400,11102.41054
585.01607,400,11117.59371
587.471243,400,11132.926895
610.972318,400,11148.126593
636.68772,400,11163.368888
610.433636,400,11178.516462
543.039453,400,11193.781199
589.351222,400,11209.041881
572.733557,400,11224.159513
557.423257,400,11239.273808
481.611801,400,11254.473876
496.7267,400,11269.637993
624.056901,400,11284.869775
529.198539,400,11300.025328
606.805415,400,11315.286211
627.322691,400,11330.035624
539.313943,400,11345.160474
697.047956,400,11360.363569
637.522242,400,11375.618515
631.237775,400,11390.800008
616.119824,400,11406.050234
607.764736,400,11421.250672
637.04402,400,11436.357757
597.958743,400,11451.484991
654.621261,500,11472.64794
578.58976,500,11491.784154
691.183233,500,11510.775745
656.405908,500,11529.779624
692.680677,500,11548.762059
609.667494,500,11567.739205
647.925732,500,11586.685028
732.60548,500,11605.741166
648.668317,500,11624.691814
590.427007,500,11643.598671
671.852985,500,11662.51087
628.596873,500,11681.140695
703.692575,500,11700.095038
717.46427,500,11719.118952
716.194475,500,11738.137874
543.307907,500,11757.080205
654.276086,500,11776.154502
667.62566,500,11795.185937
693.029022,500,11814.182122
706.123943,500,11833.284528
679.417654,500,11854.385966
682.236793,500,11873.486345
662.704905,500,11892.690236
702.413676,500,11911.784972
621.066749,500,11930.834781
687.719631,500,11950.125324
701.552295,500,11969.198338
591.952218,500,11988.163521
607.537965,500,12007.09045
737.911935,500,12025.985971
721.064655,500,12044.55883
676.176099,500,12063.551445
733.335777,500,12082.568428
717.633435,500,12101.570297
763.854302,500,12120.438663
715.127465,500,12139.391008
684.809745,500,12158.243775
669.613468,500,12177.312515
579.202192,500,12196.351091
687.652344,500,12215.248446
719.28339,500,12236.387385
664.334272,500,12255.329332
661.61741,500,12274.321854
635.584669,500,12293.320915
693.059548,500,12312.187562
672.700405,500,12331.147327
725.143685,500,12350.137658
629.592919,500,12369.07947
686.575448,500,12388.111172
696.339684,500,12406.726047
683.865319,500,12425.606929
716.895237,500,12444.472626
780.73821,500,12463.353873
598.519637,500,12482.445783
659.504554,500,12501.492561
702.985328,500,12520.51627
672.091213,500,12539.341231
725.033463,500,12558.33956
761.53235,500,12577.420323
677.458028,500,12596.329542
650.972369,500,12617.44751
618.585931,500,12636.495469
740.138124,500,12655.334397
728.893484,500,12674.350128
661.524762,500,12693.386778
691.395028,500,12712.347429
685.516374,500,12731.161281
697.833131,500,12749.597817
760.860218,500,12768.608776
626.048515,500,12787.554653
577.015392,500,12806.502468
725.709367,500,12825.53848
687.641676,500,12844.540015
699.551595,500,12863.406359
778.062236,500,12882.3039
742.50773,500,12901.464489
632.679284,500,12920.439654
667.53318,500,12939.428728
685.103097,500,12958.53452
532.479998,500,12977.577223
674.13994,500,12998.707116
737.562902,500,13017.717577
651.234091,500,13036.74777
712.733864,500,13055.680653
728.079323,500,13074.571975
711.138257,500,13093.460541
703.88448,500,13112.098503
689.086057,500,13131.085467
722.289785,500,13150.01966
707.934679,500,13168.930655
661.080147,500,13187.870352
684.159813,500,13206.808992
772.920055,500,13225.709886
732.867962,500,13244.695762
710.453526,500,13263.63601
721.149331,500,13282.477963
690.227336,500,13301.450442
726.060236,500,13320.419417
612.858488,500,13339.39577
620.315144,500,13358.226224
704.818768,500,13379.246652
697.599593,500,13398.287616
684.314499,500,13417.167594
708.85706,500,13436.106262
746.755505,500,13454.951755
727.965799,500,13473.581185
708.508315,500,13492.437216
677.178146,500,13511.292219
778.021122,500,13530.187773
687.164546,500,13549.134229
728.459621,500,13568.192226
784.806731,500,13587.063112
781.608174,500,13606.119203
748.629016,500,13625.001323
713.318444,500,13644.041826
796.693556,500,13662.970607
785.802955,500,13681.819019
755.271348,500,13700.695852
790.408718,500,13719.50957
669.274689,500,13738.443322
746.607801,500,13759.514812
643.853937,500,13778.538572
675.998893,500,13797.421919
722.36403,500,13816.019135
743.437808,500,13834.955416
665.153553,500,13853.896107
704.954909,500,13872.776212
746.895174,500,13891.804204
657.046144,500,13910.866578
723.71982,500,13929.786453
658.926232,500,13948.661319
779.192515,500,13967.721413
750.316248,500,13986.598536
835.042147,500,14005.556054
782.40637,500,14024.47303
738.697159,500,14043.552661
811.091618,500,14062.493963
704.289793,500,14081.40865
787.322538,500,14100.329423
786.423554,500,14119.32086
778.436454,500,14140.359934
702.55183,500,14159.483548
727.165102,500,14177.904602
762.830386,500,14196.867788
766.644137,500,14215.831198
827.56626,500,14234.786349
669.700013,500,14253.660978
747.081314,500,14272.596266
736.757514,500,14291.449154
697.251229,500,14310.300215
832.06269,500,14329.282923
732.666595,500,14348.250625
703.354929,500,14367.119269
695.309038,500,14386.035152
759.192902,500,14404.904281
726.345585,500,14424.111041
805.324092,500,14442.962162
785.807109,500,14461.958239
770.610349,500,14480.841124
742.135868,500,14499.770336
818.825889,500,14520.88887
746.820801,500,14539.389432
807.391506,500,14558.276492
705.476973,500,14577.223439
650.544879,500,14596.228322
724.454649,500,14615.189037
806.026622,500,14634.178261
802.979908,500,14653.032295
809.766147,500,14672.097957
746.386644,500,14691.219062
749.262628,500,14710.242741
748.486825,500,14729.217942
804.013814,500,14748.211179
793.31393,500,14767.169027
840.153218,500,14786.115227
740.539431,500,14805.146332
753.95099,500,14824.093195
774.811458,500,14843.037819
811.450088,500,14861.999806
806.601384,500,14880.764657
560.876596,500,14901.720948
755.237534,500,14920.530492
740.819923,500,14939.509057
805.604124,500,14958.422691
736.981964,500,14977.253782
742.64598,500,14996.081301
804.015162,500,15014.922344
743.707527,500,15033.770962
803.067204,500,15052.723669
768.94229,500,15071.689745
673.934091,500,15090.769881
693.95367,500,15109.712777
689.435929,500,15128.626117
865.137962,500,15147.526239
626.854732,500,15166.469818
823.838471,500,15185.354152
767.052607,500,15204.197499
862.604987,500,15223.064033
825.649079,500,15241.575838
725.970407,500,15260.530768
824.020107,600,15285.397877
867.409394,600,15308.108118
861.865557,600,15330.869928
910.987663,600,15353.559814
819.917168,600,15376.341458
849.661675,600,15399.068988
841.123665,600,15421.893493
740.478415,600,15444.61187
784.893045,600,15467.377548
829.969868,600,15490.336039
783.746829,600,15513.099006
816.817338,600,15535.869911
662.199394,600,15558.600733
820.030283,600,15581.422534
743.778024,600,15604.027735
795.953328,600,15627.04687
806.880788,600,15651.917683
824.706748,600,15674.644833
797.149728,600,15697.542496
891.441859,600,15720.430342
872.291892,600,15743.136623
819.727436,600,15765.965296
802.295076,600,15788.6777
900.33213,600,15811.537733
759.933322,600,15834.162262
846.695803,600,15856.979985
812.647986,600,15879.745075
799.926923,600,15902.490983
771.122393,600,15925.159964
768.080634,600,15947.815407
885.003285,600,15970.248423
848.960947,600,15993.069519
795.282313,600,16015.987528
915.630461,600,16040.801552
849.896744,600,16063.516218
840.13096,600,16086.241725
905.138428,600,16109.069751
683.307339,600,16131.802748
919.524808,600,16154.567776
850.515725,600,16177.305435
766.386259,600,16200.219364
838.946148,600,16223.085356
839.551006,600,16245.896544
873.324688,600,16268.566432
767.844955,600,16291.38178
886.688917,600,16313.769832
769.713679,600,16336.565486
961.129806,600,16359.370442
879.814445,600,16382.264395
897.565789,600,16404.952418
841.531845,600,16429.786005
863.565707,600,16452.564464
871.274786,600,16475.227239
949.164018,600,16498.064847
824.108339,600,16520.825543
853.98321,600,16543.753381
805.679193,600,16566.484401
819.393001,600,16589.262931
881.22243,600,16612.06121
886.707002,600,16634.937805
937.586882,600,16657.59921
761.721352,600,16680.041741
845.628084,600,16702.809856
862.732991,600,16725.63338
804.28849,600,16748.526346
781.197232,600,16771.343701
1002.466161,600,16796.436169
754.972069,600,16819.193414
969.706413,600,16841.970255
926.686185,600,16864.824321
966.153979,600,16887.580458
826.794645,600,16910.280205
855.990077,600,16932.894386
888.041462,600,16955.716541
908.854377,600,16978.454355
874.905389,600,17001.262836
829.065765,600,17023.737535
875.997212,600,17046.576463
982.103669,600,17069.511539
928.469882,600,17092.287596
856.225396,600,17115.078722
904.156741,600,17137.918709
843.273644,600,17160.734492
821.047338,600,17185.732874
887.966645,600,17208.619417
862.83949,600,17231.414503
945.499313,600,17254.332557
891.118324,600,17277.156395
943.430584,600,17299.903022
885.788554,600,17322.779913
960.5432,600,17345.562336
835.535731,600,17368.322271
848.526215,600,17390.733825
779.40914,600,17413.447165
830.237025,600,17436.314037
896.217459,600,17459.035021
996.110258,600,17481.750343
937.678829,600,17504.510549
721.160676,600,17527.290446
938.593918,600,17550.049955
987.772111,600,17574.89286
875.166245,600,17597.786895
982.307948,600,17620.522038
965.97701,600,17643.22236
903.342377,600,17665.892889
878.624441,600,17688.762179
804.387195,600,17711.622257
818.365434,600,17734.068206
952.702809,600,17756.862286
855.432521,600,17779.549393
882.497124,600,17802.334808
960.18098,600,17825.090862
847.878758,600,17847.812359
938.504892,600,17870.648238
922.253919,600,17893.49759
961.482066,600,17916.203169
968.81779,600,17941.067793
956.858715,600,17963.944421
850.328706,600,17986.693657
972.373432,600,18009.481371
950.741774,600,18032.194783
825.911135,600,18054.954173
1027.615442,600,18077.710776
861.288601,600,18100.257195
967.363048,600,18123.212667
913.357864,600,18145.816503
939.784658,600,18168.67539
983.040286,600,18191.396071
1033.736311,600,18213.919974
925.462013,600,18236.845318
945.452754,600,18259.656483
958.815577,600,18282.390688
877.537652,600,18305.107263
946.634899,600,18329.959659
850.920946,600,18352.845898
962.803573,600,18375.520077
924.384573,600,18398.393487
921.364752,600,18421.197026
894.439364,600,18443.584845
832.422104,600,18466.418132
889.592277,600,18489.103724
969.817357,600,18511.810252
951.210156,600,18534.654372
939.683112,600,18557.488082
881.613809,600,18580.384482
992.352452,600,18603.150346
916.150632,600,18626.023146
886.385579,600,18648.672707
963.028882,600,18671.522241
858.472038,600,18694.338321
873.020216,600,18719.241666
964.833325,600,18741.917933
901.014271,600,18764.922154
871.929301,600,18787.641675
932.26184,600,18809.961769
836.05799,600,18832.725183
913.287463,600,18855.576754
903.470123,600,18878.303607
891.064607,600,18901.046785
685.677949,600,18923.741628
797.340114,600,18946.511069
921.758059,600,18969.25826
870.679491,600,18992.109308
900.284647,600,19014.913917
922.971712,600,19037.722458
862.574736,600,19060.609038
951.220648,700,19089.402482
946.550934,700,19115.943699
971.483616,700,19142.454951
1009.201955,700,19168.48453
929.48664,700,19195.158619
890.14444,700,19221.786194
897.512566,700,19248.645928
954.143955,700,19275.270651
959.279585,700,19301.828877
1088.575954,700,19328.409845
998.712326,700,19354.748261
970.009689,700,19381.303254
968.535686,700,19407.956111
987.934825,700,19434.657464
958.147878,700,19461.304254
945.895131,700,19490.15628
932.55404,700,19516.37539
1013.578673,700,19542.92286
1015.104786,700,19569.465922
998.428409,700,19595.853905
808.219384,700,19622.457219
938.611084,700,19649.049154
938.262954,700,19675.575337
965.081352,700,19702.250292
960.051261,700,19728.839041
1045.955432,700,19755.582515
978.10254,700,19781.987915
967.890794,700,19808.624122
995.744423,700,19835.037963
1067.893977,700,19863.655942
936.178619,700,19889.657277
1065.397924,700,19916.241458
1059.710558,700,19942.806609
942.774877,700,19969.352292
1085.213068,700,19995.859055
1047.769456,700,20022.495023
1027.985337,700,20049.196747
994.249775,700,20075.895681
997.342583,700,20102.209276
992.157226,700,20128.776994
1018.533621,700,20155.441759
909.173776,700,20181.86682
1080.973573,700,20208.475273
1009.104664,700,20236.893584
973.344145,700,20263.335644
1199.13792,700,20289.835624
1096.651348,700,20316.25336
1008.53909,700,20342.738078
1020.606013,700,20369.306867
995.512457,700,20395.813431
1119.72158,700,20422.500412
1002.560375,700,20449.073756
1133.338946,700,20475.56001
910.685305,700,20502.170588
1080.654056,700,20528.673065
1030.879232,700,20555.343939
993.454778,700,20581.628918
1067.510491,700,20610.259832
997.805954,700,20636.839024
971.366069,700,20663.369591
1019.963401,700,20689.953422
1003.46579,700,20716.442194
941.672393,700,20743.11193
1028.665586,700,20769.689348
897.580941,700,20796.300118
1195.45863,700,20822.896825
1019.501981,700,20849.47223
1064.658153,700,20876.032483
1153.303266,700,20902.621942
1095.611913,700,20929.281405
992.412513,700,20955.442442
1030.329347,700,20981.909135
1047.778804,700,21010.531045
1045.494476,700,21037.132843
1135.048384,700,21063.828823
1112.043668,700,21090.347896
1121.367714,700,21116.808352
967.518959,700,21143.483055
1095.182208,700,21169.932255
1227.584412,700,21196.416112
1101.080168,700,21222.912665
951.18746,700,21249.58184
1181.390165,700,21276.18277
1121.513449,700,21302.43852
1155.004892,700,21328.878954
1159.990777,700,21355.379638
1019.996578,700,21384.039314
1114.17014,700,21410.778256
1170.980131,700,21437.344308
963.547407,700,21463.694325
957.013057,700,21490.284338
1094.99254,700,21516.830203
1137.233856,700,21543.406181
1016.512058,700,21569.779051
936.498762,700,21596.405692
1096.22136,700,21623.019443
1142.381987,700,21649.072025
1071.28258,700,21675.716067
838.394175,700,21702.347265
1134.581618,700,21728.810179
1207.750481,700,21757.33524
1265.227681,700,21783.987868
1074.496344,700,21810.509705
1132.00016,700,21837.029863
1159.816943,700,21863.617628
1109.827167,700,21890.191023
1224.639745,700,21916.763175
1058.155014,700,21943.301586
1199.710477,700,21969.910733
1145.523568,700,21996.47748
1111.148709,700,22022.740635
1059.218722,700,22049.500792
1167.500798,700,22075.931985
1143.371438,700,22102.630539
1173.013921,700,22129.049835
1188.268266,700,22157.512187
1243.914218,700,22183.990789
701.52218,700,22210.629791
1201.484132,700,22237.217262
1018.553516,700,22263.725047
1124.277982,700,22290.210981
1087.057062,700,22316.805305
1189.43282,700,22343.347515
1197.438357,700,22369.564602
1010.591343,700,22396.228817
1176.945309,700,22422.637634
1053.605516,700,22449.387743
1171.087014,700,22475.887164
1261.780783,700,22502.30687
1151.401433,700,22531.019407
1086.494013,700,22557.49666
1153.764626,700,22584.053701
1159.846676,700,22610.793808
1119.914325,700,22637.370787
956.682799,700,22663.923182
1107.783105,700,22690.523264
1169.79755,700,22716.729791
997.731006,700,22743.282557
1174.527387,700,22769.7501
1118.09398,700,22796.428346
740.479003,700,22822.950399
1236.881494,700,22849.851374
1070.660046,700,22876.342972
1154.097158,800,22908.744119
1236.426485,800,22939.079982
1337.263485,800,22969.460417
1228.549659,800,22999.800882
1127.174976,800,23030.199817
1241.453436,800,23060.768446
1003.230323,800,23090.81204
1279.991905,800,23121.183778
1145.694833,800,23151.402431
1333.034042,800,23181.57876
1061.954408,800,23211.86382
1375.634058,800,23242.105789
1316.140998,800,23272.515613
1143.89935,800,23305.097595
1130.224138,800,23335.405827
1162.383753,800,23365.574129
1292.854572,800,23395.967672
1284.270935,800,23426.034125
1221.599629,800,23456.405349
1304.302488,800,23486.678148
1291.196927,800,23516.952755
1350.341858,800,23547.281785
1304.899143,800,23577.636949
1338.354581,800,23608.035872
1102.266076,800,23638.332074
1197.317354,800,23670.940382
1360.808998,800,23701.258937
1192.541064,800,23731.672625
1153.549558,800,23762.219114
1451.871831,800,23792.088104
1381.572875,800,23822.489721
1417.311734,800,23852.908164
1439.937637,800,23883.194624
1431.370563,800,23913.496171
1366.105173,800,23943.915917
1291.365207,800,23974.246231
1376.36162,800,24004.584899
1398.737029,800,24034.93431
1329.180174,800,24067.324722
1280.886518,800,24097.866257
1194.341309,800,24128.241298
1298.02844,800,24158.219799
1401.703821,800,24188.297617
1227.8596,800,24218.58914
1360.318374,800,24248.949756
1393.359782,800,24279.170268
1380.762905,800,24309.592714
1396.571692,800,24339.746562
1237.448364,800,24370.222697
1251.621903,800,24400.719846
1322.887319,800,24433.081871
1353.680207,800,24463.435579
1066.642375,800,24493.409711
1367.464241,800,24523.898996
1362.694263,800,24554.353634
1149.885018,800,24584.872992
1303.553884,800,24615.253461
1322.130125,800,24645.650807
1289.674999,800,24676.24491
1320.809049,800,24706.706708
1346.24607,800,24737.029681
1367.053406,800,24767.337647
1392.480865,800,24797.597024
1053.080608,800,24829.949826
1349.356312,800,24859.93187
1354.581521,800,24890.230692
1372.826374,800,24920.379431
1394.456628,800,24950.641135
1325.387609,800,24980.812823
1473.151901,800,25011.151621
1419.20057,800,25041.340877
1291.547257,800,25071.792702
1302.326566,800,25102.30245
1389.775238,800,25132.742262
1183.999094,800,25163.241437
1383.903094,800,25195.584149
1305.530653,800,25225.533587
1375.816533,800,25256.101635
1439.438284,800,25286.566066
1415.545199,800,25317.043045
1416.164085,800,25347.561087
1483.070991,800,25378.102232
1359.372622,800,25408.35621
1385.342352,800,25438.691299
1400.684458,800,25468.917539
1428.50699,800,25499.414856
1396.162541,800,25529.803649
1304.640392,800,25560.009973
1516.251258,800,25592.104845
1368.454411,800,25622.497808
1458.674922,800,25652.980133
1405.585486,800,25683.246275
1331.299891,800,25713.386965
1358.612827,800,25743.716706
1500.421549,800,25774.078745
1332.864682,800,25804.427295
1320.590492,800,25834.828173
1295.861229,800,25865.000192
1400.182525,800,25895.297899
1484.726544,800,25925.20788
1468.17887,800,25957.46169
1409.235884,800,25987.863374
1326.212078,800,26018.291044
1415.366949,800,26048.718088
468.681055,800,26079.095624
1413.952414,800,26109.251298
1480.456878,800,26139.561353
1424.104371,800,26169.867167
1477.393138,800,26200.033159
1361.679383,800,26230.488826
1421.313568,800,26260.684764
1463.698753,800,26290.65384
1389.895949,800,26320.960385
1416.598721,800,26353.317633
1433.155153,800,26383.529921
1461.03605,800,26413.880453
1376.077437,800,26444.198775
1433.16537,800,26474.927917
1519.809968,800,26505.153614
1370.016459,800,26535.584687
1423.537753,800,26566.044084
1373.129178,800,26596.397164
1372.005604,800,26626.788303
1463.899418,800,26657.026968
1361.221702,800,26687.13435
1447.974362,900,26723.391073
1414.017807,900,26757.390049
1474.357757,900,26791.703303
1390.764993,900,26825.849533
1547.982633,900,26860.015774
1427.370328,900,26894.197065
1414.114065,900,26928.480502
1444.014094,900,26962.638506
1526.207089,900,26996.482968
1558.847594,900,27030.537803
1521.717883,900,27064.840432
1524.544497,900,27101.167441
1462.58483,900,27135.211176
1334.536028,900,27169.43623
1571.663467,900,27203.569982
1572.237647,900,27237.634706
1474.373252,900,27271.794207
1543.022485,900,27305.928517
1548.686071,900,27340.008016
1596.521776,900,27373.69821
1542.246313,900,27408.131815
1450.214584,900,27442.245823
1495.645046,900,27478.369704
1514.596576,900,27512.534559
1463.820021,900,27546.779837
1470.20535,900,27580.981107
1482.993615,900,27615.164966
1544.697787,900,27649.244327
1411.565483,900,27683.337697
1548.309019,900,27717.152575
1565.921463,900,27751.105633
1456.880802,900,27785.42804
1614.20131,900,27819.545776
1441.091269,900,27855.628601
1486.523432,900,27889.728984
1492.651241,900,27923.682283
1567.670569,900,27957.832908
1473.879765,900,27991.848224
1636.371047,900,28026.002476
1524.165345,900,28059.819295
1532.00569,900,28093.626623
1489.395093,900,28127.678315
1425.753788,900,28161.657873
1665.953151,900,28195.674583
1557.314693,900,28231.891506
1613.073836,900,28266.00136
1649.813671,900,28300.105466
1596.456587,900,28334.337291
1664.244313,900,28368.524561
1672.840301,900,28402.692279
1623.432013,900,28436.34573
1603.377651,900,28470.592485
1719.588212,900,28504.74561
1682.172606,900,28538.859463
1671.202903,900,28573.394675
1667.561996,900,28607.585387
1589.153518,900,28643.699587
1740.198271,900,28677.747658
1412.970757,900,28711.865463
1553.912564,900,28746.04039
1706.113519,900,28779.678235
1622.738718,900,28813.834872
1483.931885,900,28848.030457
1599.74886,900,28882.153512
1631.481305,900,28916.118254
1632.512241,900,28950.176513
1753.33768,900,28984.268484
1617.234603,900,29020.469824
1700.74957,900,29054.687529
1601.263271,900,29088.928617
1597.672051,900,29123.110006
1641.146736,900,29156.972662
1587.833221,900,29191.190378
1525.217571,900,29225.379478
1607.015595,900,29259.361104
1503.551819,900,29293.495009
1762.406543,900,29327.783357
1672.991679,900,29361.86618
1598.686805,900,29398.283441
1617.724502,900,29432.483444
1583.983451,900,29466.601006
1683.28331,900,29500.403633
1759.466671,900,29534.674075
1587.925052,900,29568.938583
1616.833167,900,29603.372319
1694.690352,900,29637.585021
1720.69941,900,29671.656019
1635.455265,900,29705.988928
1660.111747,900,29740.293029
1634.168232,900,29776.519226
1700.840952,900,29810.665215
1709.050221,900,29844.342133
1615.520515,900,29878.437758
1674.092338,900,29912.614062
1525.516137,900,29946.747545
1687.642653,900,29980.986345
1709.207109,900,30015.073818
1617.941093,900,30049.267268
1723.666166,900,30083.690593
1791.489911,900,30117.806751
1687.971886,900,30154.136317
1662.026282,900,30188.339305
1638.137719,900,30222.145083
1773.142556,900,30256.245315
1716.89464,900,30290.418304
1631.375644,900,30324.519604
1529.905932,900,30358.542515
1726.54221,900,30392.591893
1671.282405,900,30426.886931
1659.874075,900,30461.11525
1681.94332,900,30495.212303
1807.21763,1000,30534.88894
1690.743023,1000,30572.371228
1862.717752,1000,30610.252699
1868.597952,1000,30648.121432
1741.336855,1000,30685.776407
1766.42474,1000,30723.833492
1803.48818,1000,30761.721952
1663.678889,1000,30799.625307
1783.434367,1000,30837.47296
1810.615587,1000,30875.184635
1814.705461,1000,30914.736609
1829.659459,1000,30952.703647
1388.802258,1000,30990.644917
1821.939974,1000,31028.616826
1731.415625,1000,31066.745482
1739.958673,1000,31104.385817
1744.047031,1000,31142.254945
1776.423472,1000,31180.251763
1733.774851,1000,31218.278523
1744.294625,1000,31256.378678
1781.595711,1000,31295.960413
1839.146007,1000,31334.002619
1803.01699,1000,31371.952128
1739.939093,1000,31410.01555
1766.509141,1000,31447.763846
1619.778308,1000,31485.871898
1879.292367,1000,31523.869712
1642.170753,1000,31561.714662
1612.735413,1000,31599.79761
1804.98483,1000,31637.139772
1879.533123,1000,31677.138387
1853.537306,1000,31715.112977
1719.20046,1000,31753.103913
1836.141434,1000,31791.151252
1656.170031,1000,31829.051663
1808.559909,1000,31867.071227
1866.783658,1000,31904.887961
1750.272472,1000,31942.763525
1840.93585,1000,31980.188221
1825.680431,1000,32017.89998
1834.487084,1000,32058.009068
1801.61197,1000,32095.738577
1864.631084,1000,32133.689777
1851.839492,1000,32171.613715
1846.719118,1000,32209.594495
1888.411943,1000,32247.557302
1802.950071,1000,32285.439767
1757.795213,1000,32323.336469
1816.985066,1000,32360.920201
1933.579525,1000,32398.956698
1847.674773,1000,32438.849802
1507.745059,1000,32476.896584
1782.712535,1000,32514.886397
1854.730364,1000,32552.786841
1839.499485,1000,32590.94661
1859.743943,1000,32628.792715
1901.733923,1000,32666.813479
1771.109558,1000,32704.3842
1901.287268,1000,32742.311255
1765.23671,1000,32780.296473
1822.498295,1000,32820.361561
1750.112312,1000,32858.313041
1865.439132,1000,32896.171299
1905.552198,1000,32934.259181
1883.874426,1000,32972.122444
1779.262335,1000,33009.94087
1808.654805,1000,33047.992308
1627.950409,1000,33085.691366
1864.380367,1000,33123.471491
1967.587431,1000,33161.634593
1910.503718,1000,33201.769892
1834.80275,1000,33239.871718
1940.540231,1000,33277.702046
1888.322141,1000,33315.674913
1942.427196,1000,33353.627745
1849.223494,1000,33391.441136
1759.571821,1000,33429.032658
1901.6902,1000,33467.078453
1881.150728,1000,33504.838467
1915.201901,1000,33542.795709
1899.211471,1000,33582.824634
1894.355563,1000,33620.882606
1697.183115,1000,33658.830465
1793.317866,1000,33696.985251
1869.985966,1000,33734.82602
1915.511969,1000,33772.271594
1872.414795,1000,33810.361234
1871.949016,1000,33848.556244
1800.953516,1000,33886.367049
1914.110186,1000,33924.175406
1954.542752,1000,33964.309484
1960.94206,1000,34002.15266
1901.431099,1000,34039.987326
1914.320248,1000,34077.955157
1918.371534,1000,34115.876654
1828.031842,1000,34153.379825
1862.634963,1000,34191.391856
1825.534048,1000,34229.194242
1887.84465,1000,34266.92095
1897.042014,1000,34304.665733
