#{"t_start": 1652653588.8981855, "env_id": "HopperBulletEnv-v0"}
r,l,t
337.480474,161,2.928871
377.804267,182,3.441717
331.493876,156,3.882089
306.835583,149,4.306048
354.254744,172,4.783147
329.219874,146,5.199102
301.838904,147,5.617179
256.307617,122,5.963317
344.170064,161,6.419325
275.252496,130,6.780749
329.935252,162,7.241436
326.459567,153,7.671498
319.996245,152,8.097009
358.28488,171,8.58202
317.32056,153,9.023091
353.701906,164,9.491371
331.497113,160,9.94603
368.264411,173,10.436936
360.080411,168,10.915797
331.179779,151,11.352521
341.282113,162,11.803348
274.276179,133,12.17941
277.699824,131,12.545388
313.914518,147,12.95864
299.839248,142,13.363226
342.573619,165,13.839846
285.000396,138,14.239432
336.619371,152,14.669606
273.65488,132,15.050356
321.42257,152,15.479937
272.395361,135,15.858331
316.561664,153,16.290251
345.44991,165,16.761919
391.197581,189,17.289892
334.914067,159,17.734023
331.507832,153,18.174538
366.361065,181,18.688613
351.998532,165,19.15786
324.897247,153,19.59091
315.948628,153,20.029403
287.831768,140,20.426004
270.097152,133,20.800981
319.488232,153,21.232577
322.467876,151,21.659898
316.817846,154,22.09554
351.405829,170,22.584749
325.538804,161,23.047173
352.721122,164,23.516635
332.746307,146,23.928394
322.071421,159,24.386923
286.415269,137,24.776739
338.250001,161,25.236189
347.442829,159,25.676371
353.186163,167,26.146504
182.699069,91,26.415018
335.962237,161,26.955905
310.218204,151,27.392875
348.349212,166,27.868236
353.643385,167,28.347626
317.032326,152,28.771366
386.279438,191,29.303824
354.686748,169,29.779745
322.238746,151,30.201013
350.988187,166,30.677728
359.539693,172,31.179726
363.240863,179,31.687434
345.415718,163,32.150677
261.824558,132,32.529935
357.118154,165,32.994389
353.381093,169,33.473368
333.484929,162,33.937204
327.505484,153,34.380142
279.481184,136,34.773005
409.797151,188,35.30888
358.052645,176,35.816206
362.387399,178,36.312153
339.281733,157,36.760637
333.364925,158,37.198412
315.535792,148,37.627953
325.223182,156,38.065049
336.373735,161,38.52459
351.318824,167,38.992293
335.267176,156,39.437523
336.564616,163,39.905346
380.328609,181,40.414032
265.073502,132,40.798802
350.459248,162,41.259176
351.461158,171,41.74836
357.744137,171,42.232608
351.950948,162,42.692968
353.144948,166,43.157354
295.253316,148,43.5899
270.158468,127,43.948688
281.481559,142,44.348081
332.448272,148,44.770614
268.942768,134,45.151065
315.959728,152,45.594014
347.887694,171,46.093431
323.766859,154,46.536156
337.253593,149,46.958044
335.42708,159,47.399205
345.9691,163,47.857596
344.793776,161,48.312027
326.035562,163,48.781457
259.511096,127,49.144008
349.832988,166,49.617837
347.474472,163,50.067232
337.969143,161,50.533823
336.149591,152,50.965357
335.540343,157,51.41199
333.355831,162,51.884894
338.825468,161,52.346864
286.828379,138,52.750189
357.478462,169,53.213115
282.585784,138,53.609599
363.980671,171,54.105491
277.413329,131,54.493407
347.808964,168,54.978416
337.648558,153,55.410656
373.8164,176,55.908145
336.611046,158,56.360731
309.495596,150,56.788843
280.18663,132,57.168062
315.537885,153,57.605112
345.194302,159,58.062975
323.9318,155,58.509615
352.808902,161,58.965046
330.636433,160,59.416746
404.083237,187,59.952513
262.209026,127,60.307417
289.463952,139,60.690729
329.929491,157,61.142333
311.508282,150,61.567954
360.116821,168,62.04607
325.004374,155,62.47715
275.419072,136,62.871256
354.986234,160,63.341395
395.489619,187,63.883304
290.309967,136,64.269581
280.570569,135,64.647123
336.783424,162,65.105734
346.306256,165,65.582201
334.73462,152,66.017259
278.74643,133,66.402767
342.156869,154,66.848462
338.152615,166,67.310579
340.494003,152,67.748385
374.18987,168,68.230234
334.177021,155,68.664928
353.516047,172,69.151867
284.593448,143,69.562672
334.620884,160,70.012011
362.555888,171,70.493428
353.28125,164,70.954372
360.307478,168,71.429124
344.601906,166,71.903378
352.688996,167,72.380857
348.078225,160,72.849414
317.316761,154,73.29154
358.997034,165,73.773758
332.018401,160,74.225252
284.44533,129,74.596409
352.319168,166,75.062534
338.240702,166,75.543333
280.375782,131,75.918466
318.530174,153,76.35206
327.021032,151,76.774679
348.128591,160,77.239732
332.999793,159,77.688019
271.560916,135,78.062588
273.304815,128,78.429832
317.136154,155,78.863354
349.596772,170,79.351324
322.009837,154,79.784679
332.395976,161,80.242733
283.685139,131,80.616372
331.757516,153,81.042937
346.780181,161,81.484112
271.372765,130,81.84931
335.700633,161,82.304951
390.649745,185,82.817142
401.573243,191,83.347987
355.044982,168,83.826188
335.289533,161,84.280501
344.128232,155,84.719603
280.45924,131,85.096769
344.257774,158,85.535033
340.012829,156,85.975401
315.323119,153,86.412855
296.063476,150,86.838443
255.654949,124,87.19179
368.845122,171,87.682667
273.002272,128,88.054072
330.661635,157,88.506854
282.91916,139,88.899401
356.807979,168,89.379542
253.840604,120,89.726021
275.035145,130,90.097094
318.035395,151,90.525197
345.638303,164,90.997062
335.627083,161,91.460624
335.336906,162,91.917631
359.206752,172,92.40269
282.962284,131,92.78494
357.633532,169,93.262619
370.59676,183,93.788163
322.092873,161,94.245052
358.476156,168,94.71348
347.473201,156,95.156692
326.049502,147,95.585875
362.326323,176,96.089307
275.815,130,96.460474
315.333388,152,96.899474
326.976044,151,97.329214
338.211702,163,97.788527
346.385156,166,98.250723
346.806257,158,98.685907
344.58153,165,99.14621
329.341169,153,99.580226
272.668065,129,99.953581
342.825116,155,100.388077
329.113084,151,100.816023
279.172289,135,101.197556
303.111755,148,101.623678
350.1004,163,102.083462
356.274298,168,102.556253
334.609315,155,102.989146
394.434856,187,103.51774
266.452241,126,103.881309
265.974859,131,104.258552
273.498648,129,104.615954
324.976304,159,105.07098
355.765488,168,105.538351
355.815013,166,106.01696
336.62135,162,106.483563
296.093244,141,106.890111
362.081133,173,107.378604
345.480413,165,107.844742
346.42731,166,108.309728
381.700867,180,108.825106
343.225245,160,109.275792
327.995308,158,109.723809
348.863192,168,110.199502
315.701089,151,110.639384
276.546363,126,110.993232
348.277963,166,111.469771
282.427073,134,111.860365
351.560601,167,112.344396
315.24261,148,112.770411
421.586009,200,113.338954
337.10726,151,113.77943
338.678648,161,114.239473
332.823679,147,114.656257
276.950234,131,115.028272
312.891522,152,115.467843
339.284807,162,115.921895
345.468152,165,116.386968
363.09534,174,116.883313
331.960274,156,117.321427
292.44277,147,117.732582
314.181642,153,118.161095
319.543049,149,118.577917
317.976849,154,119.008524
345.310956,166,119.49259
349.0458,170,119.973915
404.839393,191,120.507565
279.65231,134,120.89516
350.868355,164,121.362917
336.348738,157,121.811413
277.625172,134,122.181766
357.308777,170,122.661082
349.140735,167,123.130315
335.716521,160,123.59058
354.737374,167,124.061139
348.23978,164,124.530111
279.112639,132,124.906043
389.45609,187,125.432842
326.820932,151,125.861461
343.159153,159,126.31546
353.067247,171,126.807467
338.04166,154,127.244759
294.07248,144,127.655124
316.929921,152,128.087206
289.030392,139,128.47724
327.376309,159,128.920762
320.752878,147,129.338631
296.148927,141,129.734071
334.749562,153,130.172756
302.229523,142,130.579736
353.876559,162,131.042224
323.350385,156,131.4827
344.775325,166,131.953293
331.623459,161,132.421064
269.856209,134,132.806225
304.783053,147,133.225981
293.991429,144,133.640553
294.826641,142,134.06834
287.338096,144,134.480198
396.712411,189,135.026138
296.293522,137,135.41972
320.462831,151,135.853884
365.220074,171,136.34616
361.066749,173,136.841696
419.210047,188,137.373585
326.147077,154,137.82027
346.935618,166,138.28812
291.951952,144,138.69904
309.883377,150,139.124978
310.855704,150,139.554761
348.630005,166,140.017461
378.782224,188,140.52977
335.391752,148,140.952311
320.420377,157,141.404252
339.341496,163,141.872911
347.684998,166,142.346704
322.279936,143,142.754439
281.274677,140,143.142073
298.442325,150,143.564461
342.677749,162,144.016551
347.948057,163,144.478298
330.722869,151,144.902598
338.587948,154,145.34806
272.272526,136,145.728186
356.318599,170,146.215763
314.498233,153,146.663837
407.617297,192,147.210601
326.09454,153,147.639205
354.980974,159,148.098074
359.798478,173,148.592913
332.963531,158,149.042799
260.425801,131,149.411663
362.051781,169,149.889709
399.44389,186,150.425108
335.155615,153,150.864617
344.501791,164,151.328572
375.37485,178,151.840472
380.305709,182,152.360122
322.57772,147,152.775698
339.93743,166,153.240516
307.656987,150,153.669773
347.938977,163,154.126816
328.799436,157,154.572614
334.563254,149,154.990288
355.816975,170,155.483654
377.946186,182,155.999225
279.701445,132,156.364671
337.737369,162,156.831369
330.977194,159,157.284206
331.438491,148,157.711051
324.154469,150,158.144235
348.935863,160,158.595984
273.884192,134,158.980684
277.2015,139,159.379645
339.425706,159,159.83523
353.402917,168,160.310094
345.455103,165,160.77827
327.739248,157,161.218012
286.149817,136,161.5959
285.788268,140,161.988804
341.296558,166,162.458106
325.237179,155,162.900788
276.23297,144,163.343815
330.722935,155,163.791272
269.554283,133,164.168893
334.782901,161,164.632363
353.95949,165,165.110048
343.041041,166,165.589741
299.104214,147,166.017502
346.244653,165,166.489172
347.031698,168,166.963977
343.960941,164,167.439925
271.280659,127,167.803648
355.396741,162,168.263375
279.12532,137,168.659143
280.699828,132,169.038346
331.324412,157,169.482542
369.285968,172,169.978895
367.847247,173,170.465907
349.992033,163,170.937517
377.571571,174,171.437307
342.355241,163,171.903996
348.2426,165,172.368641
351.272211,161,172.82805
345.984924,162,173.285507
356.553736,164,173.760324
354.571434,164,174.22654
275.212859,129,174.587659
347.497153,165,175.040032
433.918431,202,175.59729
350.563103,169,176.081024
272.749907,132,176.462481
328.803424,158,176.904539
335.625617,160,177.359544
359.300419,174,177.861182
268.252783,131,178.237896
414.238306,202,178.809476
269.936997,130,179.181474
345.646739,161,179.645661
358.641688,170,180.132538
279.012252,134,180.505029
291.437341,137,180.902793
324.922857,161,181.35588
334.195326,146,181.772534
378.364699,182,182.29024
327.552696,151,182.728107
370.13964,176,183.226543
331.247109,159,183.675456
335.344746,164,184.140723
353.071156,169,184.614211
334.641453,163,185.075889
334.443878,152,185.512078
345.257714,169,185.987866
286.406977,137,186.383351
374.167154,167,186.851926
415.928634,194,187.401498
352.850167,168,187.882167
349.303076,168,188.358932
339.928008,161,188.815073
325.354059,145,189.229384
355.743324,169,189.710302
356.045725,166,190.185819
340.68776,160,190.637942
287.384181,131,191.015847
357.061147,174,191.507913
354.09861,167,191.980309
277.385554,128,192.340072
260.98587,130,192.723312
344.276379,157,193.171318
346.897124,166,193.640213
337.560861,156,194.087458
339.275692,160,194.545408
345.983081,157,194.992957
358.278099,168,195.475485
315.77912,152,195.913711
314.903539,150,196.343907
347.170857,159,196.799251
268.107959,127,197.159115
319.774548,145,197.569818
364.740885,171,198.055861
330.500151,163,198.518229
277.59091,133,198.900148
328.577403,152,199.333428
344.873916,164,199.800707
349.262235,169,200.276694
333.221503,146,200.689513
257.622814,126,201.043467
363.901939,168,201.525845
327.537684,153,201.969835
279.568347,144,202.383797
348.296831,165,202.863306
330.981537,152,203.296744
367.687583,174,203.7908
291.172985,142,204.205588
314.108387,149,204.640124
275.341374,127,204.998679
355.749482,171,205.494988
329.111292,160,205.95389
341.644607,158,206.406949
213.430473,113,206.741628
340.757925,157,207.192439
365.604997,172,207.687786
304.199856,144,208.102791
346.615276,161,208.559113
357.834797,167,209.0425
266.087597,132,209.412526
366.965493,170,209.901454
327.480382,153,210.337122
270.701613,132,210.706355
320.969664,151,211.137557
344.540628,162,211.583799
308.099695,141,211.984922
364.027012,176,212.480089
346.879449,162,212.940075
354.98005,161,213.397367
347.898956,165,213.86869
355.506448,165,214.336773
328.295996,150,214.7631
356.945068,171,215.250218
327.392777,157,215.696517
276.812875,140,216.094958
335.098752,161,216.554678
289.178333,142,216.951189
341.823954,164,217.427206
354.240932,171,217.914924
365.444301,173,218.418047
294.227603,142,218.831473
395.23115,186,219.357126
321.347327,155,219.785835
275.426572,135,220.186859
321.065025,153,220.63182
317.073219,147,221.053725
322.529163,152,221.490252
328.469686,147,221.900217
293.761138,142,222.307366
341.264426,165,222.771511
332.71411,152,223.195987
338.057077,156,223.639796
271.313688,137,224.032638
283.884405,133,224.406761
351.659361,168,224.886076
298.404571,144,225.287946
328.184244,160,225.745531
283.360951,138,226.13584
322.001007,149,226.56067
337.08211,162,227.021558
349.650463,164,227.485528
281.816586,133,227.861391
320.236796,153,228.301121
338.371294,158,228.746874
313.516166,152,229.178274
372.7926,173,229.686516
350.659204,170,230.17079
354.583278,167,230.654902
270.010969,126,231.015712
312.769034,149,231.438904
274.877428,133,231.825989
292.930323,135,232.209077
350.373606,166,232.679611
347.851591,167,233.163936
360.21919,168,233.647371
293.583169,145,234.056926
341.688255,160,234.506788
352.543809,165,234.988015
279.062869,133,235.36554
260.308563,128,235.728882
358.968602,170,236.209817
343.32381,163,236.679682
281.811777,127,237.041061
331.831048,158,237.497789
349.625372,168,237.975092
329.599266,160,238.434649
364.106631,164,238.898473
334.960512,164,239.367877
346.715155,171,239.857794
258.311891,125,240.219567
274.400487,134,240.602103
347.655153,165,241.07004
341.447775,165,241.54535
352.117568,166,242.020241
284.273283,140,242.425365
266.671888,128,242.794044
338.855054,153,243.239183
321.936403,148,243.659998
334.050878,154,244.098897
334.762219,159,244.545979
290.754635,140,244.941227
409.944437,187,245.468539
342.498772,162,245.931481
330.562888,155,246.378288
339.865782,152,246.809541
310.248795,142,247.213532
314.375013,152,247.644244
359.596426,171,248.123635
267.065194,130,248.484229
341.946348,165,248.955741
363.208361,172,249.450837
353.994797,166,249.92183
307.702892,151,250.352826
333.356405,158,250.805145
273.873776,130,251.177123
351.285261,166,251.648543
265.950594,129,252.020511
351.857978,169,252.504568
324.97229,152,252.937369
355.396389,166,253.406474
336.214991,153,253.835818
431.535045,202,254.412565
338.439648,155,254.851379
361.796311,169,255.334524
341.721662,160,255.7952
330.416983,159,256.248516
261.503062,130,256.616782
267.384614,125,256.976197
342.895055,160,257.439976
277.830686,133,257.819209
361.246792,171,258.308015
340.011199,162,258.77077
322.965693,150,259.193884
357.492853,168,259.67671
266.865124,127,260.028184
332.935419,160,260.480473
326.412807,158,260.929524
332.3112,149,261.351193
337.373237,157,261.801386
343.847076,162,262.268277
362.457568,172,262.758589
344.823688,165,263.230075
364.0978,172,263.723261
436.905879,204,264.297125
291.017253,143,264.697436
338.352605,151,265.130789
284.090548,135,265.515876
281.645503,137,265.90765
261.913314,123,266.248181
324.684602,145,266.655075
331.251221,155,267.095304
323.896279,149,267.515421
350.713994,168,268.002403
342.241487,159,268.440574
298.118529,143,268.856606
326.693263,156,269.299891
329.775773,158,269.752612
347.800515,167,270.229048
284.481218,132,270.605623
317.545873,152,271.041447
338.052065,165,271.516802
324.724196,152,271.950835
384.886397,187,272.472421
333.648485,161,272.936247
347.695148,165,273.398974
339.214144,149,273.816074
284.197213,135,274.197804
333.763547,152,274.631269
329.387957,162,275.087886
317.402845,157,275.535808
337.972264,162,275.997535
353.104376,168,276.471798
299.413837,140,276.870379
345.136801,161,277.338059
337.977559,163,277.810013
279.309769,130,278.180403
350.865335,168,278.666239
339.054816,160,279.119589
303.456464,148,279.541178
295.301372,141,279.948554
354.81465,166,280.428151
351.907012,168,280.907844
353.855256,163,281.364257
343.304094,159,281.815006
265.473093,126,282.16613
340.75756,165,282.638017
351.343568,167,283.117786
282.41172,136,283.503224
316.145709,149,283.922005
338.340607,154,284.362818
267.876151,129,284.731557
342.364174,167,285.209566
329.578767,159,285.670427
334.680592,160,286.124925
357.553686,169,286.606179
351.816416,170,287.088142
328.092166,161,287.547758
364.050494,173,288.035168
327.948816,162,288.503582
277.175564,132,288.876895
331.837121,163,289.340818
321.078809,152,289.777477
335.116317,167,290.255188
354.625959,167,290.722257
336.289146,153,291.155196
340.401505,161,291.610417
286.543005,136,291.995666
299.956434,146,292.415866
276.550918,136,292.812175
327.413608,159,293.252644
335.490039,153,293.691903
342.155549,164,294.156109
385.375036,184,294.689124
336.622357,159,295.142008
355.765686,168,295.629545
359.465386,172,296.121548
274.419399,129,296.48799
340.850384,162,296.942404
334.200257,154,297.385872
278.704547,141,297.786783
352.351534,168,298.258559
342.561646,154,298.698836
334.681352,149,299.118932
338.720554,162,299.580607
331.60911,160,300.042999
304.049777,147,300.463807
318.275658,154,300.894566
304.117165,141,301.297623
353.562694,166,301.765072
339.49193,162,302.218007
350.000334,165,302.685274
331.001883,155,303.12855
297.964301,153,303.566849
305.586048,148,303.983785
335.895789,154,304.42544
335.409657,148,304.849906
282.273921,137,305.234861
211.263073,113,305.558622
351.328327,170,306.046513
275.544418,129,306.418298
351.523361,166,306.891611
347.572403,170,307.370017
355.510215,166,307.835839
285.138663,139,308.230798
293.680137,138,308.623727
331.477732,150,309.036773
357.531832,171,309.514811
295.158647,142,309.922945
262.485958,131,310.296368
336.740025,153,310.738342
326.313767,154,311.180914
342.563964,158,311.623462
338.084417,164,312.085066
329.599352,157,312.525996
414.426522,189,313.072004
255.047036,121,313.413778
361.940673,169,313.894529
261.171846,132,314.26942
342.500533,159,314.721413
264.018925,135,315.094844
332.1956,162,315.558021
341.237158,164,316.028847
277.332161,129,316.396704
274.343997,136,316.783314
268.491765,134,317.159514
334.963079,154,317.597202
340.777387,158,318.039743
330.358744,146,318.453512
339.402197,163,318.931958
288.611046,136,319.31847
335.73997,167,319.793375
266.759607,129,320.158545
333.335229,163,320.632154
339.357269,163,321.096308
279.130196,135,321.488899
305.680958,151,321.91433
261.337895,124,322.263134
273.039457,136,322.657339
291.951351,147,323.086881
281.060443,133,323.477969
257.312541,125,323.837825
290.927623,138,324.224556
361.979251,175,324.716499
324.692514,151,325.149628
359.569316,170,325.639232
277.41923,134,326.019341
348.475861,161,326.477202
357.554474,169,326.961645
280.308785,135,327.349049
295.18123,135,327.748389
277.954574,131,328.121839
353.366696,167,328.596878
310.464035,145,329.007629
346.22453,161,329.470398
323.90805,150,329.903089
339.204834,155,330.34343
337.103596,159,330.795344
333.508388,159,331.247168
369.557296,179,331.75938
331.937012,161,332.213194
330.744722,158,332.669093
319.738008,155,333.10567
344.160049,166,333.576447
324.120414,154,334.011456
326.814852,156,334.462714
341.740224,165,334.928034
321.144977,153,335.355403
261.370654,130,335.732812
314.42731,156,336.169093
353.862956,169,336.663494
328.694053,149,337.088156
274.953256,132,337.469517
294.147954,137,337.855011
281.642222,130,338.217846
306.582236,158,338.67169
361.124038,174,339.16919
342.400553,166,339.643398
273.209948,129,340.013747
301.090074,146,340.425972
334.358829,149,340.855563
350.504435,171,341.339619
358.246411,173,341.828432
350.437045,170,342.311495
315.729465,153,342.739747
332.388195,153,343.171221
354.298709,170,343.662364
359.514084,172,344.14849
342.895297,166,344.621113
347.834328,164,345.086378
324.30132,160,345.539421
359.290956,170,346.021043
355.491345,172,346.504575
352.899847,164,346.965821
266.778206,129,347.339511
334.19318,153,347.778928
331.754721,151,348.210214
348.520052,164,348.678169
343.716426,162,349.134033
329.750868,160,349.586251
300.892975,144,349.988552
319.666738,146,350.409596
356.127755,166,350.873375
277.471094,140,351.268965
328.810714,151,351.700112
317.580426,145,352.105864
345.481061,166,352.573875
344.548431,167,353.06136
269.298809,129,353.424858
328.315499,157,353.878264
265.445015,134,354.253651
354.419296,167,354.722116
270.520869,130,355.090229
342.592282,163,355.555393
347.336979,167,356.033251
353.399983,158,356.499492
349.629389,160,356.954028
350.549798,169,357.4278
347.350008,156,357.874239
355.70172,169,358.351527
333.201574,158,358.803445
270.907752,129,359.171743
290.61611,134,359.565682
291.155658,141,359.963405
289.895892,142,360.366369
367.245799,171,360.862928
354.348911,169,361.343249
379.842735,174,361.832904
352.345521,166,362.295216
346.195272,165,362.766012
333.482708,154,363.193544
340.325715,161,363.661082
352.945772,167,364.139359
328.801411,152,364.570862
385.749413,193,365.111198
334.431937,158,365.569441
328.412548,150,365.991461
282.607978,136,366.379283
330.183009,156,366.823331
359.822873,175,367.326024
362.772412,174,367.826664
351.711906,168,368.305437
357.229789,175,368.823297
351.752313,158,369.278634
343.3043,158,369.734684
350.253954,163,370.189569
356.928311,169,370.684901
284.847049,134,371.062585
293.989336,137,371.46052
340.901442,163,371.932528
338.697868,158,372.396394
347.86814,168,372.873621
346.390564,168,373.344757
323.505789,151,373.771456
352.128723,168,374.248497
351.382675,165,374.72636
292.817292,148,375.142632
277.135542,140,375.54516
358.356513,170,376.032638
338.943583,163,376.509892
363.57788,173,376.997126
355.305646,167,377.456017
336.402849,162,377.915269
341.025971,156,378.349244
333.811717,155,378.784565
373.785588,176,379.29865
355.380435,169,379.767867
337.760297,156,380.211518
372.267736,177,380.716851
284.916958,140,381.116482
275.520712,136,381.504864
341.048081,165,381.978838
278.123388,137,382.383903
350.510395,169,382.861097
347.042051,164,383.321837
297.565355,142,383.724407
320.494646,147,384.137907
356.134348,172,384.625032
360.667416,170,385.106935
323.76101,153,385.548176
318.161464,152,385.979562
352.954603,162,386.437543
280.630237,134,386.819527
334.179506,161,387.277239
272.454672,136,387.658977
328.82126,160,388.113827
279.820632,137,388.509579
277.855813,126,388.883877
275.824088,129,389.252095
329.701431,154,389.696499
309.041613,150,390.121483
340.183052,162,390.579826
388.650818,186,391.104801
348.329285,155,391.546602
358.051203,168,392.020607
274.236325,130,392.3904
286.614843,129,392.753547
313.196956,152,393.184933
278.655584,140,393.591521
403.54596,194,394.148148
356.153833,173,394.653519
334.636574,153,395.08765
281.071674,136,395.482115
277.941147,132,395.857917
277.771353,142,396.265047
359.356554,171,396.749221
353.269692,167,397.214275
355.880283,171,397.702017
353.565542,174,398.211919
434.532556,203,398.78949
343.054195,166,399.262145
259.158017,127,399.616444
331.232351,152,400.043313
335.872364,163,400.512655
335.86725,162,400.967827
284.911656,140,401.368421
274.219057,139,401.757843
353.942514,170,402.243126
347.585466,162,402.707741
326.026494,163,403.176863
333.961265,157,403.624971
353.829654,169,404.111542
264.210991,134,404.4971
357.017993,169,404.974078
287.016328,134,405.351254
309.968063,143,405.759055
353.870964,183,406.286333
300.224496,144,406.692322
315.423992,148,407.112219
302.908403,154,407.546748
363.343067,171,408.03346
347.207137,160,408.492683
332.272682,159,408.945813
360.9045,165,409.412895
270.819097,138,409.813869
352.214453,167,410.288399
367.055772,169,410.766942
286.711384,138,411.160032
332.652981,150,411.586601
388.425619,188,412.12915
288.812346,144,412.541206
317.422779,149,412.976859
285.187269,145,413.391016
282.459366,137,413.777833
367.596856,172,414.259573
276.841083,136,414.65015
345.72127,167,415.124368
353.431571,164,415.582905
312.207766,160,416.029172
334.836374,156,416.483247
385.154759,183,416.999199
395.41606,187,417.536953
363.635168,180,418.060695
344.699489,166,418.53315
279.885595,132,418.913637
281.607701,136,419.297601
350.220156,169,419.76885
279.669387,133,420.157265
324.076107,151,420.588258
346.001925,164,421.052404
333.093592,161,421.512817
273.318127,134,421.895416
310.345793,149,422.323541
351.459273,160,422.790498
339.027229,161,423.247138
363.027708,173,423.742718
346.950125,167,424.212949
273.535008,133,424.596287
257.14221,128,424.961212
352.394035,173,425.434325
357.15916,168,425.916446
265.709268,129,426.294906
238.833572,115,426.626041
333.747122,152,427.055101
330.598995,149,427.476921
369.173081,171,427.974115
350.037251,170,428.449146
410.410402,185,428.976972
347.568068,171,429.464915
341.628891,158,429.922672
357.284458,167,430.400505
342.601711,159,430.852054
274.168781,131,431.230808
344.042075,166,431.700868
358.290848,166,432.166201
277.675921,132,432.554888
335.328536,152,432.984482
347.393325,166,433.459171
279.626369,131,433.827286
327.719653,150,434.257099
302.399077,151,434.680266
347.287263,165,435.155395
247.420499,119,435.492161
358.10118,172,435.98626
318.489576,150,436.411021
292.866016,140,436.805966
350.543525,155,437.240458
358.342377,164,437.705492
357.142888,167,438.145772
270.311057,127,438.513386
276.31856,134,438.938412
334.097316,155,439.348864
316.201091,149,439.738621
350.470568,167,440.174653
357.861373,166,440.629151
319.0444,157,441.100744
289.540206,147,441.5128
347.796968,169,441.950434
310.683973,147,442.396655
390.95178,185,442.871907
369.583425,167,443.303845
269.394224,126,443.638791
273.687313,127,443.973518
301.845838,149,444.361724
333.427008,156,444.80019
259.827324,125,445.134733
320.003551,153,445.529887
277.714332,132,445.872574
382.34482,181,446.349739
346.139852,157,446.76382
330.17861,153,447.187913
326.643301,150,447.622092
271.332065,140,448.023293
282.601174,134,448.401726
305.622783,151,448.838359
368.782943,178,449.35083
336.916748,158,449.798666
309.497275,149,450.211517
313.14001,149,450.629152
350.958228,160,451.075463
324.931475,156,451.52056
349.709334,165,451.988798
284.486845,137,452.386417
342.471643,159,452.837
325.495557,151,453.257542
342.498618,165,453.733464
354.135067,168,454.209465
368.096533,175,454.705403
309.422379,152,455.128884
341.021024,164,455.606979
368.054191,179,456.119427
415.196948,187,456.663826
346.110956,156,457.104397
323.369839,152,457.540663
340.380756,152,457.976174
340.855764,159,458.421745
318.785929,152,458.853247
345.320097,162,459.315951
275.696527,134,459.699422
337.907684,156,460.141386
337.255063,162,460.602474
342.069839,166,461.075554
359.160366,175,461.57656
268.243648,129,461.933243
331.972387,158,462.363962
342.112425,165,462.826397
350.188016,165,463.298651
327.139525,146,463.710652
350.780553,167,464.176368
280.560149,137,464.649708
272.479623,133,465.028596
355.155798,166,465.504292
332.811891,155,465.935932
328.370387,155,466.371243
333.446553,153,466.808771
359.84383,172,467.280703
349.295143,164,467.754333
333.04076,160,468.208147
289.670683,145,468.630103
338.215445,158,469.086075
350.85842,165,469.562646
316.687171,156,470.010342
268.84732,128,470.374163
337.965458,159,470.822441
325.445075,145,471.226752
323.920325,149,471.638957
338.521255,166,472.103295
299.597067,140,472.504493
331.84407,159,472.963386
273.462688,129,473.318673
348.953051,162,473.785139
337.525832,160,474.228561
355.627284,170,474.718493
368.095637,175,475.215496
351.928081,169,475.687662
339.920045,158,476.143489
348.92357,167,476.631636
350.925945,167,477.105714
332.442464,161,477.568401
347.288482,157,478.021491
367.399708,173,478.521119
347.248774,162,478.984825
261.539499,125,479.34054
286.383487,144,479.75545
343.265213,153,480.186777
266.836848,129,480.558485
296.004667,139,480.950046
321.979641,149,481.371863
336.673561,158,481.825904
330.892143,151,482.249925
365.473784,165,482.710267
363.792111,176,483.200075
326.553964,155,483.640138
346.492133,164,484.109925
320.380089,153,484.555845
297.553354,145,484.964239
316.342659,150,485.385207
345.631574,164,485.855926
272.604656,132,486.229147
348.96582,165,486.69837
339.119178,151,487.127845
332.980045,158,487.57791
392.23229,194,488.134452
283.735152,141,488.529975
274.728947,134,488.90576
364.195881,175,489.403188
353.960814,164,489.864675
323.369458,149,490.291176
342.184475,160,490.75241
255.521413,127,491.114071
368.224049,175,491.614285
284.276448,132,491.983174
332.350102,162,492.455435
347.335012,156,492.895161
274.947499,135,493.280392
269.525702,131,493.646743
290.93606,148,494.0728
274.29706,134,494.47464
349.327061,162,495.027746
369.546975,168,495.555743
337.828204,163,496.011726
321.712515,144,496.419667
349.921463,168,496.898212
279.489805,136,497.286787
330.361799,153,497.710469
330.151345,160,498.163985
292.602627,139,498.560174
354.140996,170,499.038384
317.879915,151,499.475155
338.494612,158,499.924129
295.619796,148,500.342355
348.293291,164,500.815746
338.655148,152,501.24343
334.558615,148,501.663237
346.457955,169,502.142214
283.734264,132,502.521921
339.332705,153,502.952806
350.906189,167,503.420742
342.702833,163,503.896
310.543565,152,504.336597
326.433811,147,504.750512
286.347846,137,505.147532
363.535412,173,505.645901
349.886162,168,506.115413
278.681752,134,506.499561
342.870695,163,506.966046
355.872433,169,507.450341
358.539919,170,507.935942
271.00242,129,508.308704
336.518982,161,508.772052
274.568198,135,509.154105
355.443245,164,509.625631
349.428938,167,510.092141
304.817343,150,510.514678
338.196457,159,510.962738
320.295329,150,511.387741
335.223287,161,511.84837
273.46755,128,512.20787
340.387043,154,512.643287
377.721281,177,513.141616
347.35729,160,513.601145
346.932918,171,514.089984
361.930312,172,514.584205
356.636185,171,515.076361
345.608012,162,515.526505
318.309425,154,515.971828
345.744541,163,516.437835
320.360986,153,516.872926
330.913957,154,517.301414
336.534464,164,517.772859
336.552716,150,518.203867
346.078688,162,518.662411
353.268926,166,519.122824
328.993384,159,519.575107
278.325271,129,519.940613
329.179456,156,520.38022
353.317597,167,520.854091
345.996804,159,521.314903
269.544872,139,521.712437
281.907713,135,522.0965
332.078298,154,522.541886
351.379393,157,522.986031
365.419747,167,523.46616
412.718775,193,524.027062
347.893669,165,524.499333
319.51924,149,524.922409
336.583818,157,525.374253
358.190538,172,525.865907
263.805112,125,526.232761
350.57077,165,526.699096
274.764272,132,527.08073
409.183094,190,527.614043
351.540998,170,528.09743
343.12027,161,528.560512
338.057269,153,529.001869
349.261879,171,529.503084
346.690584,165,529.983857
347.907005,161,530.440285
337.378337,154,530.883449
287.630285,144,531.300633
327.513493,159,531.752227
349.436826,169,532.23424
322.86304,152,532.665915
345.855313,159,533.12239
363.066415,174,533.627493
285.002567,132,534.002834
281.106517,132,534.378346
369.354851,173,534.872294
339.75916,157,535.319622
318.251812,146,535.739983
332.730234,160,536.205831
282.152084,139,536.594824
338.510286,163,537.053116
364.154573,174,537.545929
335.221712,150,537.981402
340.76748,161,538.437045
349.154571,169,538.919005
281.484121,135,539.307791
337.880804,160,539.769537
335.805704,155,540.220531
274.111842,133,540.598125
344.575583,166,541.068339
279.58339,130,541.436809
268.700896,130,541.807927
357.689111,166,542.27539
358.54209,169,542.755266
364.311856,172,543.236631
351.625656,168,543.714028
277.256263,141,544.119639
327.146539,161,544.576553
413.228091,193,545.132672
308.552421,154,545.577574
346.895415,167,546.042372
279.816763,137,546.43435
286.706727,136,546.825831
357.361679,170,547.303931
356.792689,171,547.789813
272.52011,126,548.147005
354.095852,168,548.621557
345.423865,166,549.094836
277.003852,134,549.480598
346.934209,164,549.947155
340.433231,170,550.428055
291.569602,141,550.814834
358.133805,166,551.290041
410.168377,188,551.82328
425.931542,201,552.394411
272.650615,130,552.762363
346.97124,162,553.212192
364.148014,171,553.704605
359.725232,171,554.180986
335.044784,157,554.632195
325.898582,156,555.075966
421.294283,198,555.638285
269.818547,132,556.019569
271.004119,128,556.384021
359.253305,169,556.872004
319.742405,147,557.289515
408.079932,192,557.829112
289.247646,139,558.22477
272.83922,128,558.587965
279.161978,132,558.964659
355.424915,165,559.430255
329.911218,157,559.881527
331.259632,161,560.340437
356.755274,164,560.801455
344.071885,165,561.258906
277.335545,137,561.657344
352.663632,170,562.13593
346.498208,157,562.584599
276.675539,133,562.955407
264.523175,135,563.342585
345.225316,159,563.804062
277.854054,133,564.191823
279.817376,132,564.570496
353.489778,168,565.052329
324.422805,147,565.465755
332.64605,161,565.924265
354.074349,166,566.397617
342.430286,157,566.839252
390.051566,188,567.369809
328.052067,156,567.819228
336.517459,157,568.261603
315.894515,148,568.683306
273.403681,129,569.05154
346.463931,164,569.516391
341.33549,158,569.973361
342.762355,166,570.440563
371.335148,172,570.93608
327.901844,147,571.364315
268.677194,129,571.734731
304.469041,147,572.158871
372.809636,177,572.662343
347.925187,161,573.121494
353.391585,167,573.596378
293.521976,148,574.024734
330.819277,158,574.468108
320.894975,156,574.905791
358.126921,166,575.379153
308.328021,148,575.804572
336.275556,154,576.249004
361.73245,165,576.716287
351.055781,163,577.173603
349.45177,168,577.644181
363.17856,176,578.144542
332.462563,159,578.591167
351.931389,167,579.068525
411.431498,191,579.61487
338.501126,156,580.059875
279.090449,130,580.430246
342.301501,163,580.893945
283.723324,141,581.300365
333.734154,160,581.75608
396.697886,184,582.281989
391.509589,182,582.802674
279.423124,136,583.192977
345.739041,160,583.643471
312.697217,153,584.07436
360.69854,170,584.562754
351.206515,163,585.025789
323.216963,154,585.461637
327.070372,149,585.888583
341.481775,155,586.33216
335.84079,159,586.783605
257.589021,128,587.158044
326.643895,152,587.583608
343.822073,166,588.053112
410.48254,184,588.571265
337.026055,152,589.009791
270.003142,132,589.386731
339.358923,160,589.831076
274.210392,129,590.200746
333.179015,153,590.636393
321.794553,145,591.052771
334.760203,159,591.508274
345.761097,169,591.991696
418.485597,189,592.534042
278.135974,132,592.902939
307.034585,144,593.309561
328.757974,152,593.738742
350.11699,163,594.219629
321.704618,157,594.670085
273.021646,130,595.03898
350.503754,166,595.50732
362.851183,170,595.989366
334.817808,164,596.451149
342.507024,164,596.9235
322.927184,156,597.372576
312.372059,149,597.800464
359.397046,170,598.279272
283.412052,131,598.65138
315.315028,153,599.07828
347.867628,168,599.554239
327.042017,153,599.988366
330.083698,156,600.438307
341.551815,162,600.899598
353.167364,167,601.37424
349.301703,170,601.85593
363.058265,177,602.364295
282.051787,136,602.746457
265.501177,131,603.128116
334.040054,161,603.586029
355.406629,173,604.070325
358.435802,167,604.550137
338.274491,166,605.027093
344.31706,160,605.481969
316.117458,154,605.922777
340.18553,161,606.371087
350.75604,160,606.831267
286.554233,149,607.252231
344.424174,158,607.700737
345.283338,164,608.172683
271.584256,130,608.548086
356.882867,168,609.03292
352.626226,167,609.507245
350.536277,165,609.979896
356.837825,170,610.463867
261.362539,125,610.823733
335.85508,157,611.270001
323.393377,158,611.720054
337.653331,163,612.187752
332.747349,147,612.60419
356.996205,169,613.084956
329.587458,148,613.499218
286.243615,144,613.914898
345.779045,169,614.406837
286.700614,136,614.795026
348.181559,158,615.243456
358.125873,171,615.729835
352.856865,171,616.210966
280.328216,132,616.58363
347.769002,168,617.064607
352.562678,166,617.532503
351.928498,160,617.997459
337.303674,164,618.472643
252.086249,122,618.823793
265.686243,131,619.190124
330.74718,158,619.652221
363.659889,174,620.14709
356.321852,169,620.62567
342.701129,159,621.086616
342.387133,169,621.558647
272.7523,126,621.915932
385.72497,181,622.423529
325.371865,155,622.870174
367.546668,176,623.363024
355.249237,167,623.837528
350.740563,165,624.302854
323.884157,152,624.732504
364.818162,173,625.228399
351.130031,167,625.703896
272.110469,138,626.098284
355.963548,169,626.593627
341.915263,158,627.045402
319.714986,155,627.490202
356.069648,166,627.958867
328.088364,151,628.384988
331.608095,149,628.805348
269.65098,130,629.164541
348.343818,168,629.633886
345.489109,161,630.08979
355.704767,170,630.579875
349.041676,164,631.042783
329.261104,166,631.504195
274.581533,130,631.878891
311.235868,156,632.318963
261.153757,128,632.686456
355.407916,170,633.166308
331.893839,158,633.612707
328.848813,146,634.021553
279.144906,130,634.393509
355.478489,168,634.867265
271.469045,130,635.238025
359.474649,176,635.740602
284.437082,140,636.136442
348.811766,167,636.60707
313.531383,149,637.034318
304.208828,145,637.446369
358.608448,170,637.933234
326.378675,152,638.372596
317.893126,151,638.804952
359.214731,174,639.298978
335.878987,156,639.738577
358.617693,170,640.220156
339.638792,155,640.655368
268.790215,130,641.023445
359.553741,170,641.515947
282.865944,137,641.907994
371.464867,180,642.413665
260.905332,130,642.779076
352.950386,169,643.259954
345.549499,159,643.722959
273.451983,128,644.087267
277.02827,132,644.460984
350.158508,164,644.938932
302.567291,144,645.351082
280.823885,132,645.731248
354.029,172,646.212139
355.961335,163,646.676175
329.631858,153,647.10661
297.072258,148,647.527642
349.376112,169,648.004073
360.722257,170,648.481822
380.094502,183,648.988523
346.855756,167,649.463452
430.628633,200,650.027835
346.864611,162,650.492968
328.028567,146,650.904502
341.282143,156,651.350041
347.531213,161,651.8038
356.652022,171,652.295857
337.932837,157,652.739549
353.178805,168,653.204623
330.134668,156,653.637764
347.563081,169,654.11397
328.102704,152,654.550615
356.632515,164,655.020176
345.870204,165,655.491116
356.155206,171,655.977832
329.623266,150,656.406925
310.655687,145,656.822479
259.530832,126,657.190851
343.580108,161,657.644672
354.079839,169,658.131693
339.886629,165,658.606918
329.563682,159,659.062948
330.824775,150,659.495818
410.881237,190,660.029887
366.552065,173,660.523052
335.90477,160,660.977818
344.115088,167,661.449225
403.97737,185,661.969937
338.730816,165,662.441604
343.763732,167,662.914268
353.738225,159,663.360533
325.327431,145,663.761681
348.285385,164,664.216188
306.911044,160,664.668993
355.365855,169,665.144632
376.104392,182,665.658458
341.577909,154,666.094812
350.975829,163,666.549011
273.082487,132,666.902603
279.326822,131,667.275645
316.982427,145,667.693828
264.804854,131,668.072374
334.415104,162,668.538217
276.687094,133,668.913829
365.297736,171,669.404182
348.071713,163,669.869171
335.276617,149,670.281456
357.82548,171,670.765723
370.81574,178,671.26772
331.491827,148,671.676135
313.772331,152,672.106781
284.98468,136,672.489249
338.309627,153,672.923642
323.340567,157,673.376049
355.243126,165,673.838464
334.732595,153,674.278351
355.898078,168,674.753046
276.125242,134,675.13141
336.182243,162,675.587816
344.944773,165,676.056348
348.615811,165,676.524687
338.324282,155,676.957601
349.252359,164,677.430009
396.582672,189,677.96238
269.501084,125,678.321154
290.757001,142,678.724911
329.712823,155,679.162398
334.095382,163,679.620559
305.946427,147,680.045308
357.227082,170,680.528817
333.261723,155,680.974255
356.536707,169,681.455485
328.89779,152,681.895458
352.945796,179,682.405276
358.858811,168,682.890162
267.115022,128,683.26645
333.625985,163,683.741576
276.188029,134,684.134804
275.472984,136,684.528288
345.442937,161,684.990989
350.823219,164,685.481107
400.972366,190,686.01056
266.172959,131,686.398414
317.039459,144,686.804187
286.606949,131,687.187759
328.685702,147,687.598886
335.842037,157,688.043789
423.835572,196,688.591877
350.743978,167,689.068202
345.852467,159,689.520406
452.344906,213,690.114543
344.809608,155,690.553963
273.407988,131,690.927566
290.378143,135,691.313639
361.688866,171,691.799824
329.451102,162,692.262846
333.868362,157,692.707917
272.026756,131,693.077778
284.950673,139,693.470744
326.72672,157,693.927488
420.869699,201,694.499846
330.139326,158,694.948509
337.077611,160,695.397457
345.524599,169,695.879362
355.861885,169,696.356055
356.452912,170,696.847875
337.260465,165,697.318344
353.676087,168,697.793811
331.638449,154,698.235328
342.02794,161,698.692054
352.812532,166,699.172053
323.54676,145,699.594218
367.124661,182,700.107025
287.992855,135,700.492734
351.602154,163,700.957053
327.542819,158,701.417008
274.76203,132,701.796074
356.351334,166,702.281348
272.006342,132,702.663283
352.148945,170,703.137595
345.91762,170,703.624621
322.546102,157,704.068705
276.46685,129,704.440067
335.17134,158,704.88472
286.975805,137,705.275167
318.827674,154,705.717053
332.449129,155,706.150358
339.470598,165,706.62355
330.300447,161,707.085211
296.77793,141,707.490526
336.593909,162,707.948545
298.825307,148,708.376248
368.895237,173,708.864111
287.06449,140,709.263938
326.960045,157,709.716019
355.814796,168,710.191701
373.205562,184,710.735868
352.844661,168,711.209897
323.786725,157,711.652204
297.54634,140,712.047851
359.221882,165,712.523471
298.992637,142,712.920634
347.9154,163,713.385618
347.874015,163,713.849032
286.187393,136,714.240764
350.971585,168,714.721712
269.125346,133,715.094577
276.199097,134,715.469705
306.247246,147,715.883971
342.642584,160,716.332021
339.303738,158,716.789127
330.88578,154,717.221327
358.222969,170,717.698452
356.573883,167,718.172165
332.001862,158,718.620982
329.771442,161,719.085681
338.389319,153,719.526293
340.034303,155,719.965834
286.014087,130,720.340299
353.629442,168,720.820669
330.021441,157,721.268576
342.85366,167,721.75187
332.036492,159,722.205392
346.553788,165,722.687744
293.597044,145,723.094835
291.931361,140,723.481021
349.151275,163,723.946137
295.716502,139,724.342419
359.343778,167,724.81156
349.35803,167,725.293519
333.520003,147,725.70239
296.4178,149,726.120845
282.839035,144,726.520569
332.961353,161,726.982287
351.970777,161,727.440635
274.509416,132,727.820297
342.076373,165,728.302661
340.555962,153,728.73286
344.52494,166,729.218646
353.353193,165,729.69343
344.425946,166,730.160616
358.913839,172,730.649806
283.622884,147,731.060027
331.832031,162,731.51701
337.049961,159,731.960927
337.105319,157,732.413775
272.287563,133,732.796336
346.284359,160,733.243672
321.998516,160,733.701762
328.668111,152,734.127233
326.932775,150,734.551947
347.142006,164,735.02107
346.571502,165,735.496349
349.858331,163,735.958356
325.18181,152,736.396554
261.513561,125,736.757382
351.691283,167,737.233067
300.714286,145,737.654933
357.78623,172,738.139706
353.581116,169,738.627399
351.270971,172,739.114823
285.504439,149,739.544541
370.558974,181,740.060279
363.365701,173,740.557774
354.230196,168,741.035815
276.108875,140,741.435494
356.800697,173,741.914965
271.111618,132,742.288598
347.29681,169,742.769807
352.033089,170,743.249777
340.783128,164,743.714857
336.923863,159,744.158854
352.045848,170,744.636927
353.335356,170,745.115431
340.309988,148,745.540302
332.583308,149,745.961804
362.388064,172,746.44922
357.668052,170,746.932818
272.656235,132,747.312812
352.383778,167,747.785486
324.162031,156,748.23583
356.098896,165,748.710873
370.722986,179,749.21417
292.134844,146,749.619446
328.275024,157,750.070237
344.834706,160,750.54269
348.755177,161,750.999616
312.849291,151,751.427428
352.606177,162,751.881872
355.583457,164,752.343781
315.70472,144,752.755044
328.212876,155,753.188101
356.551293,166,753.65673
417.225683,190,754.188659
351.275193,170,754.678043
323.905441,155,755.108078
366.459966,174,755.601498
330.247337,154,756.04494
283.294108,135,756.432794
332.700132,163,756.901024
298.420364,151,757.334202
294.567615,147,757.758414
326.573793,149,758.183647
356.329603,166,758.660374
343.104353,156,759.099342
333.072836,160,759.556188
346.297697,166,760.019003
345.607397,166,760.493035
276.191955,131,760.870236
366.594281,173,761.3607
324.823559,160,761.819131
384.718049,187,762.348816
336.707556,155,762.796921
344.152438,166,763.264959
277.397931,132,763.641536
364.837775,171,764.120359
268.248433,127,764.477781
376.232491,186,765.007858
352.999477,168,765.536991
341.183868,164,765.997224
284.423015,139,766.398888
326.128047,147,766.817786
352.085049,167,767.294323
280.992785,137,767.682778
331.612842,157,768.119418
348.349905,164,768.589823
355.846413,168,769.06982
373.984476,179,769.592139
349.865264,166,770.066845
321.690953,154,770.506389
254.644312,123,770.864393
307.317434,147,771.288494
349.684562,165,771.759938
287.121751,139,772.149659
348.324895,168,772.631386
335.764144,155,773.065972
398.483499,190,773.614314
355.578887,166,774.169658
354.091943,165,774.709611
353.359803,160,775.272369
339.456932,161,775.740551
342.891615,157,776.180522
335.921247,158,776.723387
312.460404,148,777.151313
349.405422,165,777.646554
330.163726,151,778.087712
369.815408,177,778.627438
349.406178,167,779.202893
331.390897,157,779.672292
268.097544,131,780.055079
266.56337,125,780.430792
365.640425,173,780.937905
274.351647,131,781.32745
356.055008,171,781.83797
278.496802,129,782.24268
270.681058,129,782.710665
348.216993,160,783.206936
356.33382,166,783.753571
289.605047,139,784.204715
361.12304,170,784.703109
308.708338,156,785.157974
319.802049,145,785.633763
344.911362,162,786.121645
326.737242,157,786.601871
346.765414,168,787.159672
337.881427,156,787.644318
355.143121,169,788.127445
345.222074,163,788.601691
352.037236,166,789.1224
272.685769,132,789.535639
331.73187,160,790.01519
356.793553,170,790.51424
353.578464,163,791.012508
350.863484,166,791.593186
358.038144,167,792.097851
360.117901,172,792.598548
300.898643,145,793.020112
360.080385,166,793.508565
266.023881,133,793.910156
288.628618,147,794.49107
225.111999,117,794.880353
312.10216,153,795.324161
342.301621,165,795.819587
331.620056,161,796.288224
304.006092,147,796.702535
300.672893,147,797.132844
351.75165,170,797.620947
332.043036,162,798.087245
335.888916,161,798.565896
279.010341,136,798.962612
340.215032,163,799.440806
347.251412,166,799.914029
332.523104,157,800.371934
321.019503,146,800.800929
290.709309,140,801.215378
324.510253,151,801.662587
313.192178,153,802.107555
316.592186,151,802.540803
361.929143,165,803.019748
336.004366,164,803.490627
273.38823,130,803.874007
285.120742,140,804.272352
366.845782,170,804.764643
348.786753,164,805.233317
420.62667,196,805.792876
335.802991,158,806.272899
339.218089,157,806.725582
382.26208,184,807.257334
284.777224,138,807.670868
267.726175,134,808.056652
344.851646,153,808.504027
336.630107,159,808.953158
330.477272,161,809.425319
295.374195,147,809.861807
356.977029,168,810.362875
310.309238,150,810.900736
303.402854,142,811.438287
348.406669,158,812.222934
263.602933,132,812.909703
367.593426,174,813.71993
354.880406,162,814.382195
357.451486,169,815.008965
341.213925,162,815.643192
309.089024,144,816.110678
355.652748,169,816.782643
331.18391,153,817.336844
351.471334,169,817.873845
343.956273,162,818.37748
339.028644,159,818.885273
341.102593,163,819.379328
376.306836,167,819.95439
336.276668,159,820.424887
363.694527,171,820.93218
279.126346,136,821.337128
349.653714,167,821.844945
357.240982,167,822.414105
377.416492,184,822.968308
358.385468,160,823.505056
345.133203,158,823.969364
332.793127,151,824.442653
329.48104,164,824.958698
350.71015,165,825.448544
319.565494,152,825.905306
264.862648,132,826.303108
282.343716,139,826.709628
325.723347,156,827.187681
261.396366,131,827.614187
352.326805,168,828.099039
313.328785,155,828.662379
349.569251,166,829.146501
356.413036,162,829.685887
340.073505,164,830.197676
291.355513,143,830.645258
353.111333,169,831.201438
275.481752,135,831.591845
289.040447,132,832.071723
320.211232,154,832.621867
320.332374,150,833.099782
344.6884,158,833.599522
289.341547,137,834.046538
340.756281,154,834.504284
345.79003,166,835.072885
340.700414,157,835.542733
357.993751,168,836.081253
353.005077,164,836.563973
269.901674,129,836.943171
317.62645,145,837.380665
272.3595,137,837.792239
355.638907,172,838.361441
330.968205,157,838.973355
267.604914,131,839.427404
350.770842,164,839.909908
342.505047,163,840.418445
271.356262,129,840.805159
280.762252,137,841.212502
362.90742,176,841.735789
260.587308,136,842.189734
318.764643,146,842.620478
280.171611,135,843.040853
348.666885,165,843.538643
350.136515,166,844.102843
330.926542,150,844.542322
269.661465,129,844.914299
271.473933,130,845.292594
347.937268,166,845.780293
354.442485,172,846.280404
274.400382,135,846.670683
341.714004,167,847.158518
349.679634,168,847.644934
294.173722,136,848.044155
342.535433,164,848.520278
321.859254,153,848.95888
341.303052,152,849.409397
294.661274,137,849.808691
356.393283,165,850.29065
330.133803,158,850.746752
334.804865,151,851.185681
321.099146,148,851.632795
311.922614,149,852.067529
360.245969,180,852.599823
273.912342,142,853.019654
319.680429,149,853.456728
358.449914,169,853.952199
319.197744,147,854.374291
339.549849,164,854.873213
338.513214,161,855.351393
363.490002,166,855.832768
330.486999,146,856.260698
340.351811,156,856.716741
424.159527,197,857.27936
364.577553,168,857.783189
370.834999,178,858.310707
452.17412,213,858.947358
336.54399,158,859.41496
323.801275,153,859.865746
353.23294,167,860.358325
277.66745,132,860.742378
363.14266,178,861.266765
343.782005,165,861.748239
258.597934,131,862.132162
324.386433,154,862.589876
328.568716,146,863.008986
303.638032,152,863.445421
320.120631,149,863.874648
339.36703,154,864.333019
272.539618,130,864.728715
366.378033,174,865.258091
346.126482,156,865.705791
338.314244,162,866.163595
344.330151,155,866.623144
281.632194,137,867.025798
252.678405,123,867.382625
278.114629,140,867.787692
289.670449,141,868.195012
356.435603,169,868.688944
286.306164,147,869.121368
281.380523,142,869.530375
327.823121,155,869.969787
426.347949,197,870.548255
333.766382,146,870.965493
343.55821,162,871.446484
321.2715,156,871.907094
307.951976,148,872.336379
277.127057,134,872.731131
351.700845,170,873.226314
362.653338,168,873.719545
345.313056,161,874.182502
358.547215,172,874.690586
275.572205,133,875.080312
268.021961,134,875.470788
324.348259,150,875.909573
333.887488,161,876.387066
308.71433,147,876.819811
342.143576,158,877.276329
358.85572,168,877.765977
332.168511,149,878.202462
283.839703,144,878.615229
337.213781,162,879.082823
319.781059,150,879.519188
334.026534,159,879.982032
280.651917,142,880.390867
327.483257,157,880.849897
294.290139,147,881.280898
271.643895,128,881.650086
343.064462,165,882.123206
335.175531,157,882.57418
386.985877,182,883.116724
322.813635,153,883.569287
299.478567,150,884.012389
345.915324,166,884.486859
351.51135,161,884.969727
286.636066,136,885.36541
267.400735,127,885.737178
286.6889,135,886.127722
276.116835,129,886.498389
326.460964,151,886.930655
333.152496,150,887.361484
277.642182,132,887.755924
273.836846,133,888.149153
333.148091,161,888.622422
318.765826,153,889.063988
349.926477,168,889.561224
357.32379,168,890.044433
332.266667,157,890.484757
345.155371,169,890.979616
357.848597,169,891.469621
335.728953,155,891.922196
353.751646,163,892.39924
361.827303,174,892.892508
338.293916,166,893.374586
341.887407,164,893.853423
341.137713,164,894.339118
409.589582,192,894.888535
349.587429,162,895.372955
329.779817,163,895.842229
223.030224,111,896.169775
351.447023,166,896.655151
288.967143,142,897.079829
262.211426,133,897.467473
306.79276,149,897.906029
351.641608,166,898.390004
324.957761,153,898.837579
351.497013,167,899.318087
279.398604,132,899.689543
347.116569,166,900.181188
267.616595,127,900.553966
328.681836,159,901.003355
336.835319,154,901.447654
361.597672,170,901.943271
269.087442,132,902.343177
339.075445,160,902.821914
346.065435,163,903.286829
290.955592,145,903.712946
288.561168,137,904.11001
285.356178,140,904.531251
323.762076,153,904.979004
285.386023,138,905.380707
360.10026,171,905.876718
339.071449,158,906.343156
337.045652,155,906.796473
372.157492,174,907.304691
354.904884,170,907.796477
346.596105,165,908.276004
284.303311,144,908.692402
273.037971,132,909.074658
275.90565,134,909.462807
329.765697,152,909.912537
345.575819,165,910.399786
363.610879,174,910.904836
329.554984,158,911.354763
270.022687,127,911.723277
401.559458,188,912.275925
270.876562,134,912.654283
278.748574,137,913.056946
348.067689,166,913.537737
324.745933,146,913.963908
362.671428,170,914.454492
358.256763,172,914.952767
311.018698,152,915.398314
279.755506,133,915.789003
352.342404,173,916.280726
350.345028,170,916.78469
304.063719,144,917.188226
334.827745,162,917.658366
299.766589,145,918.120151
335.766685,153,918.63734
337.879181,158,919.193422
284.715911,132,919.693862
368.587247,172,920.316684
355.389531,174,920.829139
339.443629,161,921.407491
360.289678,171,921.929639
349.232824,166,922.432416
353.767619,164,922.924512
344.687322,161,923.461034
271.120753,138,923.943667
265.133722,128,924.422503
346.857692,164,925.034552
336.862376,165,925.629399
348.519339,165,926.19827
351.89153,167,926.82923
321.017563,149,927.246569
318.03729,148,927.704595
293.675701,148,928.150051
275.811955,126,928.519027
343.981699,164,928.996294
357.029278,167,929.486909
358.198845,167,929.979878
352.024947,165,930.541553
383.070353,188,931.110041
270.412219,128,931.505041
335.673667,162,931.992396
364.42406,172,932.499251
358.342244,172,932.998828
350.476458,167,933.48893
340.117988,162,933.966144
327.770134,154,934.425418
344.805332,164,934.957133
356.680605,171,935.469751
330.436509,150,935.939996
341.513549,166,936.436471
271.168623,130,936.83607
350.95591,170,937.410883
343.639178,163,937.961198
279.216499,134,938.373204
340.243376,165,938.917267
346.599144,164,939.402232
353.924987,160,939.867411
274.592503,134,940.260231
335.139768,159,940.718817
333.156895,153,941.176595
309.902853,150,941.623529
349.85714,162,942.113381
314.976328,153,942.573779
351.754594,164,943.035786
431.132283,208,943.687116
340.801138,160,944.201673
270.156943,133,944.625119
333.01362,158,945.14106
316.186929,145,945.662941
348.499172,175,946.298619
341.71362,160,946.843232
316.82286,150,947.304596
330.698981,148,947.775656
359.571131,169,948.346192
332.252552,160,948.824852
358.020404,170,949.336365
345.654991,161,949.816291
286.816769,138,950.280104
272.079376,132,950.674917
353.935617,167,951.188429
302.057308,149,951.656585
362.8494,169,952.212008
260.426668,129,952.628628
334.782778,164,953.112395
282.491131,132,953.529237
288.073926,140,953.959304
336.654156,162,954.456768
333.593289,163,954.951911
356.754297,169,955.450571
322.038346,149,955.895913
344.296169,163,956.376164
303.815374,143,956.791944
318.382898,159,957.253173
335.872159,161,957.713405
363.719197,172,958.221978
346.126828,165,958.70945
333.421013,153,959.172732
338.475766,158,959.652878
322.40613,153,960.093761
270.861064,133,960.484074
346.664527,163,960.969937
312.763174,144,961.384407
340.21886,162,961.842862
350.641899,165,962.321405
334.805425,160,962.785269
305.85943,148,963.20742
249.446337,122,963.55649
318.505095,149,963.996744
356.424541,170,964.492602
356.820849,169,964.983111
348.342766,166,965.471416
317.940607,152,965.91359
346.198664,163,966.381099
354.189137,172,966.878951
353.278879,163,967.349918
323.293276,153,967.793621
354.651679,166,968.278126
344.598759,161,968.742312
236.91644,112,969.064401
269.494134,138,969.458918
282.231291,132,969.844016
266.549312,135,970.237874
264.902686,135,970.630465
332.896409,161,971.102332
285.855612,135,971.494942
367.67774,176,972.012501
338.272024,157,972.464768
348.250158,169,972.954777
328.874721,163,973.42508
266.517378,131,973.79637
327.141658,159,974.25264
352.699266,176,974.757423
340.641354,163,975.22709
332.47124,163,975.708575
332.293844,161,976.192228
295.395526,147,976.636916
366.819318,171,977.148167
275.927974,131,977.537241
345.426494,150,977.989704
360.982125,169,978.482177
291.072585,144,978.914658
289.577616,150,979.345478
357.203755,172,979.853334
328.035245,159,980.347333
358.441327,173,981.001659
280.654124,128,981.371975
312.649061,152,981.805634
393.024157,197,982.38588
264.096084,126,982.79261
281.343762,139,983.230605
327.263204,147,983.673248
315.322263,150,984.094052
361.795809,172,984.606582
330.675522,158,985.162893
274.087459,133,985.787078
354.562256,167,986.428978
347.162684,164,986.935059
279.858393,134,987.447376
331.894168,160,988.045376
323.360948,157,988.7044
326.765087,157,989.323665
352.439633,167,989.81528
329.642114,159,990.298
352.358671,167,990.792154
336.940989,161,991.292976
328.568639,156,991.798993
358.677029,161,992.283298
322.330646,145,992.737263
338.519265,156,993.222758
342.714118,158,993.71544
318.557279,146,994.194068
286.152792,149,994.638635
350.540651,163,995.133591
344.129659,168,995.720084
341.720511,163,996.211662
395.931773,192,996.831449
402.245765,191,997.387397
351.016861,168,997.957389
321.540128,148,998.403453
316.511936,156,999.024679
269.021967,133,999.446444
358.006469,174,999.966259
351.832314,172,1000.469101
349.158587,170,1000.960802
358.869248,172,1001.500885
325.421913,157,1001.970053
360.373318,168,1002.512963
277.69016,133,1002.912785
304.282212,142,1003.3186
327.367463,156,1003.801915
348.050905,165,1004.29101
355.09411,170,1004.824774
411.39323,189,1005.38984
280.796832,131,1005.786715
278.256639,136,1006.192748
309.466772,149,1006.633428
300.976466,147,1007.135319
326.739946,155,1007.595525
339.920671,168,1008.082785
347.281421,165,1008.556073
286.966996,134,1008.949397
335.368649,162,1009.435995
331.61075,155,1009.903499
354.64512,168,1010.410681
366.936388,168,1010.91647
364.634708,171,1011.436279
334.89589,161,1011.901711
351.563243,165,1012.393778
342.39242,162,1012.873872
334.433078,153,1013.317382
296.839423,141,1013.72011
352.073075,176,1014.235463
362.506043,172,1014.733755
332.055471,161,1015.208388
374.079384,190,1015.786154
259.000627,136,1016.194223
315.662442,155,1016.674076
326.149206,145,1017.09748
268.67084,137,1017.496342
329.021337,150,1017.937456
351.721611,166,1018.423684
267.666877,128,1018.812716
265.044362,127,1019.189556
346.000744,164,1019.670258
278.302757,137,1020.087236
280.164148,127,1020.517291
346.967714,165,1021.045901
367.899502,173,1021.567306
289.395658,140,1021.992053
358.666114,172,1022.508192
317.277666,149,1022.960364
336.398515,160,1023.444433
357.55424,170,1023.965953
303.510486,145,1024.424796
363.914124,172,1024.920655
357.44961,164,1025.404688
336.642265,160,1025.865962
334.874574,162,1026.336051
315.163805,151,1026.772676
269.601519,136,1027.169127
364.022606,170,1027.665955
283.458535,135,1028.087309
356.125568,171,1028.588134
352.927197,167,1029.057321
320.331442,154,1029.508675
366.943688,172,1030.010822
340.876352,159,1030.474674
360.705861,170,1030.969426
318.130484,150,1031.403113
358.152893,167,1031.891366
347.862438,166,1032.367105
342.969173,163,1032.862575
346.955795,171,1033.368624
353.799468,170,1033.905857
291.48318,137,1034.311146
359.309486,171,1034.860256
345.430004,166,1035.347607
330.094423,154,1035.826792
317.312357,150,1036.266856
358.407513,168,1036.809188
329.077847,156,1037.42431
326.343736,151,1037.979968
290.953978,137,1038.469901
279.356609,132,1038.940814
281.169233,131,1039.394684
374.270125,183,1040.008177
311.054717,160,1040.477203
284.633011,137,1040.917165
353.383971,171,1041.412188
344.039652,162,1041.878663
321.095279,146,1042.335579
392.850179,186,1042.878222
266.947976,138,1043.28067
349.583773,161,1043.762506
292.170423,135,1044.193316
282.91165,135,1044.591369
365.443536,175,1045.223679
335.300929,154,1045.675588
316.23165,151,1046.119229
356.614033,169,1046.682122
278.355857,135,1047.099319
280.564311,138,1047.50919
342.420984,165,1048.045911
307.43267,147,1048.492692
302.584414,149,1048.935727
260.399043,126,1049.322073
358.024514,171,1049.890004
316.20065,158,1050.367628
344.310771,162,1050.83638
341.485604,165,1051.428297
343.125749,165,1052.060112
274.464927,139,1052.50609
352.010338,165,1053.001291
250.937172,127,1053.377967
330.071087,159,1053.89331
318.722842,152,1054.41777
341.631354,162,1054.963825
380.285291,189,1055.700677
349.911577,166,1056.232715
334.156036,159,1056.740293
280.501432,140,1057.234665
285.392415,139,1057.671382
411.045639,196,1058.237792
342.517028,163,1058.716258
320.906455,153,1059.169284
353.744493,172,1059.781464
358.057564,170,1060.339126
359.910449,174,1060.872749
296.596182,150,1061.323238
338.057093,164,1061.813835
349.876193,169,1062.30759
306.644383,150,1062.773137
298.396291,139,1063.194138
348.011792,164,1063.742351
350.168271,168,1064.284371
345.533151,155,1064.729867
321.934853,153,1065.175155
330.475264,162,1065.673191
346.224473,160,1066.134954
243.341257,115,1066.516009
354.601529,168,1067.029077
361.524815,167,1067.559017
360.219327,167,1068.067623
315.453305,160,1068.542659
281.436308,138,1069.032452
356.395739,170,1069.539528
348.227457,166,1070.047612
333.665137,162,1070.543257
366.291351,174,1071.058156
339.497081,155,1071.542398
334.655538,153,1071.978126
273.605342,129,1072.366097
318.856568,152,1072.824937
362.088857,169,1073.335682
303.253322,148,1073.782072
325.95337,151,1074.269868
333.989937,153,1074.736019
329.725303,156,1075.194086
353.181509,169,1075.694294
359.714001,174,1076.211626
394.44899,187,1076.759698
326.868742,157,1077.214434
334.758406,160,1077.689691
314.775626,154,1078.142419
348.807582,165,1078.640017
277.232047,135,1079.026232
334.173848,163,1079.599704
314.08508,144,1080.135138
344.574885,161,1080.910531
365.403347,174,1081.524098
354.157456,166,1082.046851
251.607692,118,1082.534899
338.977726,159,1083.161747
356.815755,167,1083.842054
340.423563,166,1084.432861
396.676022,190,1085.152634
353.279084,171,1085.695306
280.96947,136,1086.139008
329.915997,156,1086.639801
277.435889,132,1087.048219
285.933512,146,1087.544071
339.664251,161,1088.020073
265.982458,135,1088.429134
408.490367,199,1089.086453
354.065013,168,1089.66203
361.328088,171,1090.158407
